unique_hand,solvable,solution,num_combs,num_perms
"(1, 1, 1, 1)",False,,1,24
"(1, 1, 1, 2)",False,,16,384
"(1, 1, 1, 3)",False,,16,384
"(1, 1, 1, 4)",False,,16,384
"(1, 1, 1, 5)",False,,16,384
"(1, 1, 1, 6)",False,,16,384
"(1, 1, 1, 7)",False,,16,384
"(1, 1, 1, 8)",True,((1 + 1) + 1) * 8,16,384
"(1, 1, 1, 9)",False,,16,384
"(1, 1, 1, 10)",False,,16,384
"(1, 1, 1, 11)",True,(1 + 11) * (1 + 1),16,384
"(1, 1, 1, 12)",True,((1 + 1) * 1) * 12,16,384
"(1, 1, 1, 13)",True,(13 - 1) * (1 + 1),16,384
"(1, 1, 2, 2)",False,,36,864
"(1, 1, 2, 3)",False,,96,2304
"(1, 1, 2, 4)",False,,96,2304
"(1, 1, 2, 5)",False,,96,2304
"(1, 1, 2, 6)",True,((1 + 1) + 2) * 6,96,2304
"(1, 1, 2, 7)",True,(1 + 7) * (1 + 2),96,2304
"(1, 1, 2, 8)",True,((1 * 1) + 2) * 8,96,2304
"(1, 1, 2, 9)",True,(9 - 1) * (1 + 2),96,2304
"(1, 1, 2, 10)",True,((1 + 1) + 10) * 2,96,2304
"(1, 1, 2, 11)",True,((1 + 1) * 11) + 2,96,2304
"(1, 1, 2, 12)",True,((1 - 1) + 2) * 12,96,2304
"(1, 1, 2, 13)",True,((1 + 1) * 13) - 2,96,2304
"(1, 1, 3, 3)",False,,36,864
"(1, 1, 3, 4)",True,((1 + 1) * 3) * 4,96,2304
"(1, 1, 3, 5)",True,(1 + 5) * (1 + 3),96,2304
"(1, 1, 3, 6)",True,((1 + 1) + 6) * 3,96,2304
"(1, 1, 3, 7)",True,((1 * 1) + 7) * 3,96,2304
"(1, 1, 3, 8)",True,((1 - 1) + 3) * 8,96,2304
"(1, 1, 3, 9)",True,(3 + 9) * (1 + 1),96,2304
"(1, 1, 3, 10)",True,(10 - (1 + 1)) * 3,96,2304
"(1, 1, 3, 11)",True,(3 - 1) * (1 + 11),96,2304
"(1, 1, 3, 12)",True,(3 - (1 * 1)) * 12,96,2304
"(1, 1, 3, 13)",True,(1 - 13) * (1 - 3),96,2304
"(1, 1, 4, 4)",True,((1 + 1) + 4) * 4,36,864
"(1, 1, 4, 5)",True,((1 * 1) + 5) * 4,96,2304
"(1, 1, 4, 6)",True,((1 - 1) + 4) * 6,96,2304
"(1, 1, 4, 7)",True,(7 - (1 * 1)) * 4,96,2304
"(1, 1, 4, 8)",True,(4 + 8) * (1 + 1),96,2304
"(1, 1, 4, 9)",True,(1 - 9) * (1 - 4),96,2304
"(1, 1, 4, 10)",True,((1 + 1) * 10) + 4,96,2304
"(1, 1, 4, 11)",False,,96,2304
"(1, 1, 4, 12)",True,12 / ((1 + 1) / 4),96,2304
"(1, 1, 4, 13)",False,,96,2304
"(1, 1, 5, 5)",True,(5 * 5) - (1 * 1),36,864
"(1, 1, 5, 6)",True,(5 - (1 * 1)) * 6,96,2304
"(1, 1, 5, 7)",True,(5 + 7) * (1 + 1),96,2304
"(1, 1, 5, 8)",True,(5 - (1 + 1)) * 8,96,2304
"(1, 1, 5, 9)",False,,96,2304
"(1, 1, 5, 10)",False,,96,2304
"(1, 1, 5, 11)",False,,96,2304
"(1, 1, 5, 12)",False,,96,2304
"(1, 1, 5, 13)",False,,96,2304
"(1, 1, 6, 6)",True,(6 - (1 + 1)) * 6,36,864
"(1, 1, 6, 7)",False,,96,2304
"(1, 1, 6, 8)",True,8 / ((1 + 1) / 6),96,2304
"(1, 1, 6, 9)",True,((1 + 1) * 9) + 6,96,2304
"(1, 1, 6, 10)",False,,96,2304
"(1, 1, 6, 11)",False,,96,2304
"(1, 1, 6, 12)",True,((1 + 1) * 6) + 12,96,2304
"(1, 1, 6, 13)",False,,96,2304
"(1, 1, 7, 7)",False,,36,864
"(1, 1, 7, 8)",False,,96,2304
"(1, 1, 7, 9)",False,,96,2304
"(1, 1, 7, 10)",True,((1 + 1) * 7) + 10,96,2304
"(1, 1, 7, 11)",False,,96,2304
"(1, 1, 7, 12)",False,,96,2304
"(1, 1, 7, 13)",False,,96,2304
"(1, 1, 8, 8)",True,((1 + 1) * 8) + 8,36,864
"(1, 1, 8, 9)",False,,96,2304
"(1, 1, 8, 10)",False,,96,2304
"(1, 1, 8, 11)",False,,96,2304
"(1, 1, 8, 12)",False,,96,2304
"(1, 1, 8, 13)",False,,96,2304
"(1, 1, 9, 9)",False,,36,864
"(1, 1, 9, 10)",False,,96,2304
"(1, 1, 9, 11)",False,,96,2304
"(1, 1, 9, 12)",False,,96,2304
"(1, 1, 9, 13)",True,((1 + 1) + 9) + 13,96,2304
"(1, 1, 10, 10)",False,,36,864
"(1, 1, 10, 11)",False,,96,2304
"(1, 1, 10, 12)",True,((1 + 1) + 10) + 12,96,2304
"(1, 1, 10, 13)",True,((1 * 1) + 10) + 13,96,2304
"(1, 1, 11, 11)",True,((1 + 1) + 11) + 11,36,864
"(1, 1, 11, 12)",True,((1 * 1) + 11) + 12,96,2304
"(1, 1, 11, 13)",True,((1 - 1) + 11) + 13,96,2304
"(1, 1, 12, 12)",True,((1 - 1) + 12) + 12,36,864
"(1, 1, 12, 13)",True,13 - ((1 * 1) - 12),96,2304
"(1, 1, 13, 13)",True,13 - ((1 + 1) - 13),36,864
"(1, 2, 2, 2)",False,,16,384
"(1, 2, 2, 3)",False,,96,2304
"(1, 2, 2, 4)",True,((1 + 2) * 2) * 4,96,2304
"(1, 2, 2, 5)",True,((1 + 5) * 2) * 2,96,2304
"(1, 2, 2, 6)",True,(2 + 6) * (1 + 2),96,2304
"(1, 2, 2, 7)",True,(7 - 1) * (2 + 2),96,2304
"(1, 2, 2, 8)",True,(2 - (1 - 2)) * 8,96,2304
"(1, 2, 2, 9)",True,((1 + 2) + 9) * 2,96,2304
"(1, 2, 2, 10)",True,(10 - 2) * (1 + 2),96,2304
"(1, 2, 2, 11)",True,(11 - (1 - 2)) * 2,96,2304
"(1, 2, 2, 12)",True,((1 + 12) * 2) - 2,96,2304
"(1, 2, 2, 13)",True,((1 - 2) + 13) * 2,96,2304
"(1, 2, 3, 3)",True,((1 + 3) * 2) * 3,96,2304
"(1, 2, 3, 4)",True,((1 + 2) + 3) * 4,256,6144
"(1, 2, 3, 5)",True,((1 + 2) + 5) * 3,256,6144
"(1, 2, 3, 6)",True,(3 - (1 - 2)) * 6,256,6144
"(1, 2, 3, 7)",True,((1 + 2) * 7) + 3,256,6144
"(1, 2, 3, 8)",True,((1 + 3) + 8) * 2,256,6144
"(1, 2, 3, 9)",True,((1 + 2) * 9) - 3,256,6144
"(1, 2, 3, 10)",True,(10 - (1 * 2)) * 3,256,6144
"(1, 2, 3, 11)",True,(11 - (1 + 2)) * 3,256,6144
"(1, 2, 3, 12)",True,((1 - 2) + 3) * 12,256,6144
"(1, 2, 3, 13)",True,(2 * 13) + (1 - 3),256,6144
"(1, 2, 4, 4)",True,(4 + 4) * (1 + 2),96,2304
"(1, 2, 4, 5)",True,(5 - (1 - 2)) * 4,256,6144
"(1, 2, 4, 6)",True,((2 - 1) * 4) * 6,256,6144
"(1, 2, 4, 7)",True,((1 - 2) + 7) * 4,256,6144
"(1, 2, 4, 8)",True,((1 - 2) + 4) * 8,256,6144
"(1, 2, 4, 9)",True,(9 - (1 + 2)) * 4,256,6144
"(1, 2, 4, 10)",True,((1 * 2) * 10) + 4,256,6144
"(1, 2, 4, 11)",True,((1 + 11) / 2) * 4,256,6144
"(1, 2, 4, 12)",True,((1 + 2) * 4) + 12,256,6144
"(1, 2, 4, 13)",True,((1 + 13) * 2) - 4,256,6144
"(1, 2, 5, 5)",True,(5 * 5) + (1 - 2),96,2304
"(1, 2, 5, 6)",True,((1 - 2) + 5) * 6,256,6144
"(1, 2, 5, 7)",True,(5 + 7) * (1 * 2),256,6144
"(1, 2, 5, 8)",True,(5 - (1 * 2)) * 8,256,6144
"(1, 2, 5, 9)",True,((1 + 2) * 5) + 9,256,6144
"(1, 2, 5, 10)",True,(2 * 10) - (1 - 5),256,6144
"(1, 2, 5, 11)",False,,256,6144
"(1, 2, 5, 12)",True,(5 - (1 + 2)) * 12,256,6144
"(1, 2, 5, 13)",True,(13 - 5) * (1 + 2),256,6144
"(1, 2, 6, 6)",True,((1 + 2) * 6) + 6,96,2304
"(1, 2, 6, 7)",True,(7 - (1 + 2)) * 6,256,6144
"(1, 2, 6, 8)",True,(6 - (1 + 2)) * 8,256,6144
"(1, 2, 6, 9)",True,((1 * 2) * 9) + 6,256,6144
"(1, 2, 6, 10)",True,((1 + 2) * 10) - 6,256,6144
"(1, 2, 6, 11)",True,(2 * 6) + (1 + 11),256,6144
"(1, 2, 6, 12)",True,12 / ((1 + 2) / 6),256,6144
"(1, 2, 6, 13)",True,(2 * 6) - (1 - 13),256,6144
"(1, 2, 7, 7)",True,((7 * 7) - 1) / 2,96,2304
"(1, 2, 7, 8)",True,((1 + 7) * 2) + 8,256,6144
"(1, 2, 7, 9)",True,(2 * 9) - (1 - 7),256,6144
"(1, 2, 7, 10)",True,((1 * 2) * 7) + 10,256,6144
"(1, 2, 7, 11)",True,(2 * 7) - (1 - 11),256,6144
"(1, 2, 7, 12)",True,12 - ((1 - 7) * 2),256,6144
"(1, 2, 7, 13)",False,,256,6144
"(1, 2, 8, 8)",True,((1 * 2) * 8) + 8,96,2304
"(1, 2, 8, 9)",True,9 / ((1 + 2) / 8),256,6144
"(1, 2, 8, 10)",True,10 - ((1 - 8) * 2),256,6144
"(1, 2, 8, 11)",False,,256,6144
"(1, 2, 8, 12)",False,,256,6144
"(1, 2, 8, 13)",True,((1 + 2) + 8) + 13,256,6144
"(1, 2, 9, 9)",False,,96,2304
"(1, 2, 9, 10)",False,,256,6144
"(1, 2, 9, 11)",True,((1 + 2) * 11) - 9,256,6144
"(1, 2, 9, 12)",True,((1 + 2) + 9) + 12,256,6144
"(1, 2, 9, 13)",True,((1 * 2) + 9) + 13,256,6144
"(1, 2, 10, 10)",False,,96,2304
"(1, 2, 10, 11)",True,((1 + 2) + 10) + 11,256,6144
"(1, 2, 10, 12)",True,((1 * 2) + 10) + 12,256,6144
"(1, 2, 10, 13)",True,13 - ((1 - 2) - 10),256,6144
"(1, 2, 11, 11)",True,((1 * 2) + 11) + 11,96,2304
"(1, 2, 11, 12)",True,12 - ((1 - 2) - 11),256,6144
"(1, 2, 11, 13)",True,13 - ((1 - 2) * 11),256,6144
"(1, 2, 12, 12)",True,((1 + 2) * 12) - 12,96,2304
"(1, 2, 12, 13)",True,((1 - 2) + 12) + 13,256,6144
"(1, 2, 13, 13)",True,13 - ((1 * 2) - 13),96,2304
"(1, 3, 3, 3)",True,(3 + 3) * (1 + 3),16,384
"(1, 3, 3, 4)",True,((1 + 3) + 4) * 3,96,2304
"(1, 3, 3, 5)",True,((1 * 3) + 5) * 3,96,2304
"(1, 3, 3, 6)",True,(6 - (1 - 3)) * 3,96,2304
"(1, 3, 3, 7)",True,((1 * 3) * 7) + 3,96,2304
"(1, 3, 3, 8)",True,((1 + 8) * 3) - 3,96,2304
"(1, 3, 3, 9)",True,(9 - 3) * (1 + 3),96,2304
"(1, 3, 3, 10)",True,((1 - 3) + 10) * 3,96,2304
"(1, 3, 3, 11)",True,(11 - (1 * 3)) * 3,96,2304
"(1, 3, 3, 12)",True,((1 + 3) * 3) + 12,96,2304
"(1, 3, 3, 13)",False,,96,2304
"(1, 3, 4, 4)",True,(4 - (1 - 3)) * 4,96,2304
"(1, 3, 4, 5)",True,((1 + 3) * 5) + 4,256,6144
"(1, 3, 4, 6)",True,6 / (1 - (3 / 4)),256,6144
"(1, 3, 4, 7)",True,((1 + 3) * 7) - 4,256,6144
"(1, 3, 4, 8)",True,((1 + 3) * 4) + 8,256,6144
"(1, 3, 4, 9)",True,(9 - (1 * 3)) * 4,256,6144
"(1, 3, 4, 10)",True,(10 - (1 + 3)) * 4,256,6144
"(1, 3, 4, 11)",True,((1 - 4) + 11) * 3,256,6144
"(1, 3, 4, 12)",True,((1 - 3) + 4) * 12,256,6144
"(1, 3, 4, 13)",True,(13 - (1 + 4)) * 3,256,6144
"(1, 3, 5, 5)",False,,96,2304
"(1, 3, 5, 6)",True,((1 + 5) * 3) + 6,256,6144
"(1, 3, 5, 7)",True,(7 - 3) * (1 + 5),256,6144
"(1, 3, 5, 8)",True,((1 - 3) + 5) * 8,256,6144
"(1, 3, 5, 9)",True,((1 * 3) * 5) + 9,256,6144
"(1, 3, 5, 10)",True,(3 * 10) - (1 + 5),256,6144
"(1, 3, 5, 11)",True,(11 - 5) * (1 + 3),256,6144
"(1, 3, 5, 12)",True,(5 - (1 * 3)) * 12,256,6144
"(1, 3, 5, 13)",True,(13 - 5) * (1 * 3),256,6144
"(1, 3, 6, 6)",True,((1 - 3) + 6) * 6,96,2304
"(1, 3, 6, 7)",True,(7 - (1 * 3)) * 6,256,6144
"(1, 3, 6, 8)",True,(8 - (1 + 3)) * 6,256,6144
"(1, 3, 6, 9)",True,6 - ((1 - 3) * 9),256,6144
"(1, 3, 6, 10)",True,((1 * 3) * 10) - 6,256,6144
"(1, 3, 6, 11)",True,((1 + 11) / 3) * 6,256,6144
"(1, 3, 6, 12)",True,(6 - (1 + 3)) * 12,256,6144
"(1, 3, 6, 13)",True,((1 - 6) + 13) * 3,256,6144
"(1, 3, 7, 7)",True,(3 - 7) * (1 - 7),96,2304
"(1, 3, 7, 8)",True,(7 - (1 + 3)) * 8,256,6144
"(1, 3, 7, 9)",True,((1 + 7) / 3) * 9,256,6144
"(1, 3, 7, 10)",True,10 - ((1 - 3) * 7),256,6144
"(1, 3, 7, 11)",False,,256,6144
"(1, 3, 7, 12)",True,(7 - 1) / (3 / 12),256,6144
"(1, 3, 7, 13)",True,((1 + 3) + 7) + 13,256,6144
"(1, 3, 8, 8)",True,((1 + 3) * 8) - 8,96,2304
"(1, 3, 8, 9)",True,9 / ((1 * 3) / 8),256,6144
"(1, 3, 8, 10)",True,(10 - 1) / (3 / 8),256,6144
"(1, 3, 8, 11)",True,(3 * 11) - (1 + 8),256,6144
"(1, 3, 8, 12)",True,((1 + 3) + 8) + 12,256,6144
"(1, 3, 8, 13)",True,((1 * 3) + 8) + 13,256,6144
"(1, 3, 9, 9)",True,(9 - 1) / (3 / 9),96,2304
"(1, 3, 9, 10)",True,((1 + 10) * 3) - 9,256,6144
"(1, 3, 9, 11)",True,((1 + 3) + 9) + 11,256,6144
"(1, 3, 9, 12)",True,((1 + 3) * 9) - 12,256,6144
"(1, 3, 9, 13)",True,13 - ((1 - 3) - 9),256,6144
"(1, 3, 10, 10)",True,((1 + 3) + 10) + 10,96,2304
"(1, 3, 10, 11)",True,((1 * 3) + 10) + 11,256,6144
"(1, 3, 10, 12)",True,12 - ((1 - 3) - 10),256,6144
"(1, 3, 10, 13)",False,,256,6144
"(1, 3, 11, 11)",True,11 - ((1 - 3) - 11),96,2304
"(1, 3, 11, 12)",True,((1 + 11) * 3) - 12,256,6144
"(1, 3, 11, 13)",False,,256,6144
"(1, 3, 12, 12)",True,((1 * 3) * 12) - 12,96,2304
"(1, 3, 12, 13)",True,(3 * 12) + (1 - 13),256,6144
"(1, 3, 13, 13)",True,((1 - 3) + 13) + 13,96,2304
"(1, 4, 4, 4)",True,((1 + 4) * 4) + 4,16,384
"(1, 4, 4, 5)",True,((1 * 4) * 5) + 4,96,2304
"(1, 4, 4, 6)",True,((1 + 6) * 4) - 4,96,2304
"(1, 4, 4, 7)",True,((1 * 4) * 7) - 4,96,2304
"(1, 4, 4, 8)",True,((1 * 4) * 4) + 8,96,2304
"(1, 4, 4, 9)",True,((1 - 4) + 9) * 4,96,2304
"(1, 4, 4, 10)",True,(10 - (1 * 4)) * 4,96,2304
"(1, 4, 4, 11)",True,(11 - (1 + 4)) * 4,96,2304
"(1, 4, 4, 12)",True,12 - ((1 - 4) * 4),96,2304
"(1, 4, 4, 13)",False,,96,2304
"(1, 4, 5, 5)",True,4 - ((1 - 5) * 5),96,2304
"(1, 4, 5, 6)",True,6 / ((5 / 4) - 1),256,6144
"(1, 4, 5, 7)",True,(4 * 7) + (1 - 5),256,6144
"(1, 4, 5, 8)",True,(8 - 4) * (1 + 5),256,6144
"(1, 4, 5, 9)",True,9 - ((1 - 4) * 5),256,6144
"(1, 4, 5, 10)",True,((1 - 5) + 10) * 4,256,6144
"(1, 4, 5, 11)",True,(11 - 5) * (1 * 4),256,6144
"(1, 4, 5, 12)",True,((1 - 4) + 5) * 12,256,6144
"(1, 4, 5, 13)",True,(5 - 13) * (1 - 4),256,6144
"(1, 4, 6, 6)",True,((1 + 4) * 6) - 6,96,2304
"(1, 4, 6, 7)",True,((1 - 4) + 7) * 6,256,6144
"(1, 4, 6, 8)",True,((1 - 4) + 6) * 8,256,6144
"(1, 4, 6, 9)",True,(9 - (1 + 4)) * 6,256,6144
"(1, 4, 6, 10)",True,((4 - 1) * 10) - 6,256,6144
"(1, 4, 6, 11)",True,((1 - 6) + 11) * 4,256,6144
"(1, 4, 6, 12)",True,(6 - (1 * 4)) * 12,256,6144
"(1, 4, 6, 13)",True,((1 + 4) + 6) + 13,256,6144
"(1, 4, 7, 7)",True,(7 - 4) * (1 + 7),96,2304
"(1, 4, 7, 8)",True,(7 - (1 * 4)) * 8,256,6144
"(1, 4, 7, 9)",True,(4 - 7) * (1 - 9),256,6144
"(1, 4, 7, 10)",False,,256,6144
"(1, 4, 7, 11)",True,((1 + 4) * 7) - 11,256,6144
"(1, 4, 7, 12)",True,((1 + 4) + 7) + 12,256,6144
"(1, 4, 7, 13)",True,((1 * 4) + 7) + 13,256,6144
"(1, 4, 8, 8)",True,(8 - (1 + 4)) * 8,96,2304
"(1, 4, 8, 9)",True,(4 * 8) + (1 - 9),256,6144
"(1, 4, 8, 10)",False,,256,6144
"(1, 4, 8, 11)",True,((1 + 4) + 8) + 11,256,6144
"(1, 4, 8, 12)",True,((1 * 4) + 8) + 12,256,6144
"(1, 4, 8, 13)",True,13 - ((1 - 4) - 8),256,6144
"(1, 4, 9, 9)",False,,96,2304
"(1, 4, 9, 10)",True,((1 + 4) + 9) + 10,256,6144
"(1, 4, 9, 11)",True,((1 * 4) + 9) + 11,256,6144
"(1, 4, 9, 12)",True,12 - ((1 - 4) - 9),256,6144
"(1, 4, 9, 13)",True,(4 * 9) + (1 - 13),256,6144
"(1, 4, 10, 10)",True,((1 * 4) + 10) + 10,96,2304
"(1, 4, 10, 11)",True,11 - ((1 - 4) - 10),256,6144
"(1, 4, 10, 12)",True,12 / ((1 + 4) / 10),256,6144
"(1, 4, 10, 13)",False,,256,6144
"(1, 4, 11, 11)",False,,96,2304
"(1, 4, 11, 12)",False,,256,6144
"(1, 4, 11, 13)",False,,256,6144
"(1, 4, 12, 12)",True,((4 - 1) * 12) - 12,96,2304
"(1, 4, 12, 13)",False,,256,6144
"(1, 4, 13, 13)",False,,96,2304
"(1, 5, 5, 5)",True,(5 - (1 / 5)) * 5,16,384
"(1, 5, 5, 6)",True,((1 + 5) * 5) - 6,96,2304
"(1, 5, 5, 7)",False,,96,2304
"(1, 5, 5, 8)",False,,96,2304
"(1, 5, 5, 9)",True,(9 - 5) * (1 + 5),96,2304
"(1, 5, 5, 10)",True,((10 - 5) * 5) - 1,96,2304
"(1, 5, 5, 11)",True,(5 - 11) * (1 - 5),96,2304
"(1, 5, 5, 12)",True,((5 / 5) + 1) * 12,96,2304
"(1, 5, 5, 13)",True,((1 + 5) + 5) + 13,96,2304
"(1, 5, 6, 6)",True,((1 * 5) * 6) - 6,96,2304
"(1, 5, 6, 7)",True,(5 * 6) + (1 - 7),256,6144
"(1, 5, 6, 8)",True,((1 - 5) + 8) * 6,256,6144
"(1, 5, 6, 9)",True,(9 - (1 * 5)) * 6,256,6144
"(1, 5, 6, 10)",True,(10 - (1 + 5)) * 6,256,6144
"(1, 5, 6, 11)",True,((1 + 6) * 5) - 11,256,6144
"(1, 5, 6, 12)",True,((1 + 5) + 6) + 12,256,6144
"(1, 5, 6, 13)",True,((1 * 5) + 6) + 13,256,6144
"(1, 5, 7, 7)",False,,96,2304
"(1, 5, 7, 8)",True,((1 - 5) + 7) * 8,256,6144
"(1, 5, 7, 9)",True,(5 - 9) * (1 - 7),256,6144
"(1, 5, 7, 10)",True,(5 * 7) - (1 + 10),256,6144
"(1, 5, 7, 11)",True,((1 + 5) + 7) + 11,256,6144
"(1, 5, 7, 12)",True,((1 * 5) + 7) + 12,256,6144
"(1, 5, 7, 13)",True,13 - ((1 - 5) - 7),256,6144
"(1, 5, 8, 8)",True,(8 - (1 * 5)) * 8,96,2304
"(1, 5, 8, 9)",True,(9 - (1 + 5)) * 8,256,6144
"(1, 5, 8, 10)",True,((1 + 5) + 8) + 10,256,6144
"(1, 5, 8, 11)",True,((1 * 5) + 8) + 11,256,6144
"(1, 5, 8, 12)",True,(8 - (1 + 5)) * 12,256,6144
"(1, 5, 8, 13)",True,((13 - 8) * 5) - 1,256,6144
"(1, 5, 9, 9)",True,((1 + 5) + 9) + 9,96,2304
"(1, 5, 9, 10)",True,((1 * 5) + 9) + 10,256,6144
"(1, 5, 9, 11)",True,11 - ((1 - 5) - 9),256,6144
"(1, 5, 9, 12)",True,((1 + 9) / 5) * 12,256,6144
"(1, 5, 9, 13)",True,(13 - 9) * (1 + 5),256,6144
"(1, 5, 10, 10)",True,10 - ((1 - 5) - 10),96,2304
"(1, 5, 10, 11)",True,((1 + 11) / 5) * 10,256,6144
"(1, 5, 10, 12)",True,12 / ((1 * 5) / 10),256,6144
"(1, 5, 10, 13)",True,(13 - 1) / (5 / 10),256,6144
"(1, 5, 11, 11)",True,((11 * 11) - 1) / 5,96,2304
"(1, 5, 11, 12)",True,(11 - 1) / (5 / 12),256,6144
"(1, 5, 11, 13)",False,,256,6144
"(1, 5, 12, 12)",True,12 / ((1 + 5) / 12),96,2304
"(1, 5, 12, 13)",False,,256,6144
"(1, 5, 13, 13)",False,,96,2304
"(1, 6, 6, 6)",True,((6 - 1) * 6) - 6,16,384
"(1, 6, 6, 7)",False,,96,2304
"(1, 6, 6, 8)",True,6 / (1 - (6 / 8)),96,2304
"(1, 6, 6, 9)",True,((1 - 6) + 9) * 6,96,2304
"(1, 6, 6, 10)",True,(10 - (1 * 6)) * 6,96,2304
"(1, 6, 6, 11)",True,((1 + 6) + 6) + 11,96,2304
"(1, 6, 6, 12)",True,((1 * 6) + 6) + 12,96,2304
"(1, 6, 6, 13)",True,13 - ((1 - 6) - 6),96,2304
"(1, 6, 7, 7)",False,,96,2304
"(1, 6, 7, 8)",False,,256,6144
"(1, 6, 7, 9)",True,(9 - 6) * (1 + 7),256,6144
"(1, 6, 7, 10)",True,((1 + 6) + 7) + 10,256,6144
"(1, 6, 7, 11)",True,((1 * 6) + 7) + 11,256,6144
"(1, 6, 7, 12)",True,((1 - 6) + 7) * 12,256,6144
"(1, 6, 7, 13)",False,,256,6144
"(1, 6, 8, 8)",True,((1 - 6) + 8) * 8,96,2304
"(1, 6, 8, 9)",True,((1 + 6) + 8) + 9,256,6144
"(1, 6, 8, 10)",True,(10 - (1 + 6)) * 8,256,6144
"(1, 6, 8, 11)",True,11 - ((1 - 6) - 8),256,6144
"(1, 6, 8, 12)",True,(8 - (1 * 6)) * 12,256,6144
"(1, 6, 8, 13)",True,(13 - (1 + 8)) * 6,256,6144
"(1, 6, 9, 9)",True,((1 * 6) + 9) + 9,96,2304
"(1, 6, 9, 10)",True,10 - ((1 - 6) - 9),256,6144
"(1, 6, 9, 11)",False,,256,6144
"(1, 6, 9, 12)",True,(9 - (1 + 6)) * 12,256,6144
"(1, 6, 9, 13)",True,(13 - 9) * (1 * 6),256,6144
"(1, 6, 10, 10)",False,,96,2304
"(1, 6, 10, 11)",False,,256,6144
"(1, 6, 10, 12)",True,12 / ((6 - 1) / 10),256,6144
"(1, 6, 10, 13)",True,((1 - 10) + 13) * 6,256,6144
"(1, 6, 11, 11)",False,,96,2304
"(1, 6, 11, 12)",True,((1 + 11) / 6) * 12,256,6144
"(1, 6, 11, 13)",True,((11 * 13) + 1) / 6,256,6144
"(1, 6, 12, 12)",True,12 / ((1 * 6) / 12),96,2304
"(1, 6, 12, 13)",True,(13 - 1) / (6 / 12),256,6144
"(1, 6, 13, 13)",False,,96,2304
"(1, 7, 7, 7)",False,,16,384
"(1, 7, 7, 8)",False,,96,2304
"(1, 7, 7, 9)",True,((1 + 7) + 7) + 9,96,2304
"(1, 7, 7, 10)",True,(10 - 7) * (1 + 7),96,2304
"(1, 7, 7, 11)",True,11 - ((1 - 7) - 7),96,2304
"(1, 7, 7, 12)",True,((7 / 7) + 1) * 12,96,2304
"(1, 7, 7, 13)",False,,96,2304
"(1, 7, 8, 8)",True,((1 + 7) + 8) + 8,96,2304
"(1, 7, 8, 9)",True,((1 - 7) + 9) * 8,256,6144
"(1, 7, 8, 10)",True,10 - ((1 - 7) - 8),256,6144
"(1, 7, 8, 11)",True,(11 - (1 + 7)) * 8,256,6144
"(1, 7, 8, 12)",True,((1 - 7) + 8) * 12,256,6144
"(1, 7, 8, 13)",False,,256,6144
"(1, 7, 9, 9)",True,9 - ((1 - 7) - 9),96,2304
"(1, 7, 9, 10)",True,(7 - 10) * (1 - 9),256,6144
"(1, 7, 9, 11)",True,(9 - 7) * (1 + 11),256,6144
"(1, 7, 9, 12)",True,(12 - 9) * (1 + 7),256,6144
"(1, 7, 9, 13)",True,(9 - 13) * (1 - 7),256,6144
"(1, 7, 10, 10)",False,,96,2304
"(1, 7, 10, 11)",False,,256,6144
"(1, 7, 10, 12)",True,(10 - (1 + 7)) * 12,256,6144
"(1, 7, 10, 13)",True,(13 - 10) * (1 + 7),256,6144
"(1, 7, 11, 11)",False,,96,2304
"(1, 7, 11, 12)",False,,256,6144
"(1, 7, 11, 13)",False,,256,6144
"(1, 7, 12, 12)",True,12 / ((7 - 1) / 12),96,2304
"(1, 7, 12, 13)",True,((1 + 13) / 7) * 12,256,6144
"(1, 7, 13, 13)",True,((13 * 13) - 1) / 7,96,2304
"(1, 8, 8, 8)",True,((1 * 8) + 8) + 8,16,384
"(1, 8, 8, 9)",True,9 - ((1 - 8) - 8),96,2304
"(1, 8, 8, 10)",True,((1 - 8) + 10) * 8,96,2304
"(1, 8, 8, 11)",True,(11 - (1 * 8)) * 8,96,2304
"(1, 8, 8, 12)",True,(12 - (1 + 8)) * 8,96,2304
"(1, 8, 8, 13)",False,,96,2304
"(1, 8, 9, 9)",False,,96,2304
"(1, 8, 9, 10)",False,,256,6144
"(1, 8, 9, 11)",True,((1 - 9) + 11) * 8,256,6144
"(1, 8, 9, 12)",True,((1 - 8) + 9) * 12,256,6144
"(1, 8, 9, 13)",True,(13 - (1 + 9)) * 8,256,6144
"(1, 8, 10, 10)",False,,96,2304
"(1, 8, 10, 11)",True,(10 - 8) * (1 + 11),256,6144
"(1, 8, 10, 12)",True,(10 - (1 * 8)) * 12,256,6144
"(1, 8, 10, 13)",True,(13 - 10) * (1 * 8),256,6144
"(1, 8, 11, 11)",False,,96,2304
"(1, 8, 11, 12)",True,(11 - (1 + 8)) * 12,256,6144
"(1, 8, 11, 13)",True,((1 - 11) + 13) * 8,256,6144
"(1, 8, 12, 12)",True,12 / ((12 / 8) - 1),96,2304
"(1, 8, 12, 13)",False,,256,6144
"(1, 8, 13, 13)",False,,96,2304
"(1, 9, 9, 9)",False,,16,384
"(1, 9, 9, 10)",False,,96,2304
"(1, 9, 9, 11)",False,,96,2304
"(1, 9, 9, 12)",True,(9 - 12) * (1 - 9),96,2304
"(1, 9, 9, 13)",False,,96,2304
"(1, 9, 10, 10)",False,,96,2304
"(1, 9, 10, 11)",False,,256,6144
"(1, 9, 10, 12)",True,((1 - 9) + 10) * 12,256,6144
"(1, 9, 10, 13)",True,(10 - 13) * (1 - 9),256,6144
"(1, 9, 11, 11)",True,(11 - 9) * (1 + 11),96,2304
"(1, 9, 11, 12)",True,(11 - (1 * 9)) * 12,256,6144
"(1, 9, 11, 13)",True,(9 - 11) * (1 - 13),256,6144
"(1, 9, 12, 12)",True,(12 - (1 + 9)) * 12,96,2304
"(1, 9, 12, 13)",False,,256,6144
"(1, 9, 13, 13)",False,,96,2304
"(1, 10, 10, 10)",False,,16,384
"(1, 10, 10, 11)",False,,96,2304
"(1, 10, 10, 12)",True,((10 / 10) + 1) * 12,96,2304
"(1, 10, 10, 13)",False,,96,2304
"(1, 10, 11, 11)",False,,96,2304
"(1, 10, 11, 12)",True,((1 - 10) + 11) * 12,256,6144
"(1, 10, 11, 13)",False,,256,6144
"(1, 10, 12, 12)",True,(12 - (1 * 10)) * 12,96,2304
"(1, 10, 12, 13)",True,(13 - (1 + 10)) * 12,256,6144
"(1, 10, 13, 13)",False,,96,2304
"(1, 11, 11, 11)",False,,16,384
"(1, 11, 11, 12)",True,((11 / 11) + 1) * 12,96,2304
"(1, 11, 11, 13)",True,(13 - 11) * (1 + 11),96,2304
"(1, 11, 12, 12)",True,((1 - 11) + 12) * 12,96,2304
"(1, 11, 12, 13)",True,(13 - (1 * 11)) * 12,256,6144
"(1, 11, 13, 13)",True,(11 - 13) * (1 - 13),96,2304
"(1, 12, 12, 12)",True,((12 / 12) + 1) * 12,16,384
"(1, 12, 12, 13)",True,((1 - 12) + 13) * 12,96,2304
"(1, 12, 13, 13)",True,((13 / 13) + 1) * 12,96,2304
"(1, 13, 13, 13)",False,,16,384
"(2, 2, 2, 2)",False,,1,24
"(2, 2, 2, 3)",True,((2 + 2) * 2) * 3,16,384
"(2, 2, 2, 4)",True,((2 + 2) + 2) * 4,16,384
"(2, 2, 2, 5)",True,((2 * 5) + 2) * 2,16,384
"(2, 2, 2, 6)",False,,16,384
"(2, 2, 2, 7)",True,((2 * 7) - 2) * 2,16,384
"(2, 2, 2, 8)",True,((2 + 2) + 8) * 2,16,384
"(2, 2, 2, 9)",True,((2 + 9) * 2) + 2,16,384
"(2, 2, 2, 10)",True,(2 * 10) + (2 + 2),16,384
"(2, 2, 2, 11)",True,((2 / 2) + 11) * 2,16,384
"(2, 2, 2, 12)",True,((2 + 2) - 2) * 12,16,384
"(2, 2, 2, 13)",True,(13 - (2 / 2)) * 2,16,384
"(2, 2, 3, 3)",True,(3 + 3) * (2 + 2),36,864
"(2, 2, 3, 4)",True,((2 + 2) + 4) * 3,96,2304
"(2, 2, 3, 5)",True,((2 * 5) - 2) * 3,96,2304
"(2, 2, 3, 6)",True,((2 / 2) + 3) * 6,96,2304
"(2, 2, 3, 7)",True,((2 / 2) + 7) * 3,96,2304
"(2, 2, 3, 8)",True,((2 - 2) + 3) * 8,96,2304
"(2, 2, 3, 9)",True,(9 - 3) * (2 + 2),96,2304
"(2, 2, 3, 10)",True,((3 + 10) * 2) - 2,96,2304
"(2, 2, 3, 11)",True,(11 - (2 - 3)) * 2,96,2304
"(2, 2, 3, 12)",True,((2 + 2) * 3) + 12,96,2304
"(2, 2, 3, 13)",True,((2 - 3) + 13) * 2,96,2304
"(2, 2, 4, 4)",True,((2 * 4) - 2) * 4,36,864
"(2, 2, 4, 5)",True,((2 + 2) * 5) + 4,96,2304
"(2, 2, 4, 6)",True,((2 - 2) + 4) * 6,96,2304
"(2, 2, 4, 7)",True,((2 + 2) * 7) - 4,96,2304
"(2, 2, 4, 8)",True,((2 + 2) * 4) + 8,96,2304
"(2, 2, 4, 9)",True,(2 * 9) + (2 + 4),96,2304
"(2, 2, 4, 10)",True,(10 - (2 + 2)) * 4,96,2304
"(2, 2, 4, 11)",True,2 - ((2 - 4) * 11),96,2304
"(2, 2, 4, 12)",True,((2 + 4) * 2) + 12,96,2304
"(2, 2, 4, 13)",True,(2 * 13) + (2 - 4),96,2304
"(2, 2, 5, 5)",True,(5 * 5) - (2 / 2),36,864
"(2, 2, 5, 6)",True,(5 - (2 / 2)) * 6,96,2304
"(2, 2, 5, 7)",True,(2 * 7) + (2 * 5),96,2304
"(2, 2, 5, 8)",True,((5 + 8) * 2) - 2,96,2304
"(2, 2, 5, 9)",True,(9 - (2 - 5)) * 2,96,2304
"(2, 2, 5, 10)",True,((2 + 5) * 2) + 10,96,2304
"(2, 2, 5, 11)",True,(11 - 5) * (2 + 2),96,2304
"(2, 2, 5, 12)",True,((2 * 5) + 2) + 12,96,2304
"(2, 2, 5, 13)",False,,96,2304
"(2, 2, 6, 6)",True,((2 + 6) / 2) * 6,36,864
"(2, 2, 6, 7)",True,((2 + 7) * 2) + 6,96,2304
"(2, 2, 6, 8)",True,(8 - (2 + 2)) * 6,96,2304
"(2, 2, 6, 9)",True,((2 * 9) - 6) * 2,96,2304
"(2, 2, 6, 10)",True,(2 * 10) - (2 - 6),96,2304
"(2, 2, 6, 11)",True,6 - ((2 - 11) * 2),96,2304
"(2, 2, 6, 12)",True,(6 - (2 + 2)) * 12,96,2304
"(2, 2, 6, 13)",True,((2 + 13) * 2) - 6,96,2304
"(2, 2, 7, 7)",True,(7 - (2 - 7)) * 2,36,864
"(2, 2, 7, 8)",True,(7 - (2 + 2)) * 8,96,2304
"(2, 2, 7, 9)",False,,96,2304
"(2, 2, 7, 10)",True,((10 / 2) + 7) * 2,96,2304
"(2, 2, 7, 11)",False,,96,2304
"(2, 2, 7, 12)",True,((2 * 7) - 2) + 12,96,2304
"(2, 2, 7, 13)",True,((2 + 2) + 7) + 13,96,2304
"(2, 2, 8, 8)",True,((2 + 2) * 8) - 8,36,864
"(2, 2, 8, 9)",True,(2 * 9) - (2 - 8),96,2304
"(2, 2, 8, 10)",True,((2 * 8) - 2) + 10,96,2304
"(2, 2, 8, 11)",False,,96,2304
"(2, 2, 8, 12)",True,((2 + 2) + 8) + 12,96,2304
"(2, 2, 8, 13)",False,,96,2304
"(2, 2, 9, 9)",False,,36,864
"(2, 2, 9, 10)",True,10 - ((2 - 9) * 2),96,2304
"(2, 2, 9, 11)",True,((2 + 2) + 9) + 11,96,2304
"(2, 2, 9, 12)",True,((2 + 2) * 9) - 12,96,2304
"(2, 2, 9, 13)",False,,96,2304
"(2, 2, 10, 10)",True,((2 + 2) + 10) + 10,36,864
"(2, 2, 10, 11)",True,((2 * 11) - 10) * 2,96,2304
"(2, 2, 10, 12)",False,,96,2304
"(2, 2, 10, 13)",True,((2 / 2) + 10) + 13,96,2304
"(2, 2, 11, 11)",True,((2 / 11) + 2) * 11,36,864
"(2, 2, 11, 12)",True,((2 / 2) + 11) + 12,96,2304
"(2, 2, 11, 13)",True,((2 - 2) + 11) + 13,96,2304
"(2, 2, 12, 12)",True,((2 - 2) + 12) + 12,36,864
"(2, 2, 12, 13)",True,13 - ((2 / 2) - 12),96,2304
"(2, 2, 13, 13)",True,(2 - (2 / 13)) * 13,36,864
"(2, 3, 3, 3)",True,((2 + 3) + 3) * 3,16,384
"(2, 3, 3, 4)",False,,96,2304
"(2, 3, 3, 5)",True,((2 + 5) * 3) + 3,96,2304
"(2, 3, 3, 6)",True,(3 - (2 - 3)) * 6,96,2304
"(2, 3, 3, 7)",True,(7 - (2 - 3)) * 3,96,2304
"(2, 3, 3, 8)",True,((2 * 3) - 3) * 8,96,2304
"(2, 3, 3, 9)",True,((2 + 3) * 3) + 9,96,2304
"(2, 3, 3, 10)",True,(3 * 10) - (2 * 3),96,2304
"(2, 3, 3, 11)",True,((3 / 3) + 11) * 2,96,2304
"(2, 3, 3, 12)",True,((2 + 3) - 3) * 12,96,2304
"(2, 3, 3, 13)",True,(13 - (2 + 3)) * 3,96,2304
"(2, 3, 4, 4)",True,((2 + 3) * 4) + 4,96,2304
"(2, 3, 4, 5)",True,(5 - (2 - 3)) * 4,256,6144
"(2, 3, 4, 6)",True,((2 + 4) * 3) + 6,256,6144
"(2, 3, 4, 7)",True,((2 - 3) + 7) * 4,256,6144
"(2, 3, 4, 8)",True,((2 - 3) + 4) * 8,256,6144
"(2, 3, 4, 9)",True,((2 / 3) * 4) * 9,256,6144
"(2, 3, 4, 10)",True,(3 * 10) - (2 + 4),256,6144
"(2, 3, 4, 11)",True,(11 - (2 + 3)) * 4,256,6144
"(2, 3, 4, 12)",True,((2 * 3) - 4) * 12,256,6144
"(2, 3, 4, 13)",True,((2 * 4) + 3) + 13,256,6144
"(2, 3, 5, 5)",True,(5 * 5) + (2 - 3),96,2304
"(2, 3, 5, 6)",True,((2 - 3) + 5) * 6,256,6144
"(2, 3, 5, 7)",True,3 - ((2 - 5) * 7),256,6144
"(2, 3, 5, 8)",True,((2 * 8) + 3) + 5,256,6144
"(2, 3, 5, 9)",True,(9 - 5) * (2 * 3),256,6144
"(2, 3, 5, 10)",True,(5 - 3) * (2 + 10),256,6144
"(2, 3, 5, 11)",True,(5 + 11) / (2 / 3),256,6144
"(2, 3, 5, 12)",True,12 / (3 - (5 / 2)),256,6144
"(2, 3, 5, 13)",True,((2 * 3) + 5) + 13,256,6144
"(2, 3, 6, 6)",True,((2 + 3) * 6) - 6,96,2304
"(2, 3, 6, 7)",True,(7 / (2 / 6)) + 3,256,6144
"(2, 3, 6, 8)",True,((2 + 8) * 3) - 6,256,6144
"(2, 3, 6, 9)",True,(9 - (2 + 3)) * 6,256,6144
"(2, 3, 6, 10)",True,(10 - (2 * 3)) * 6,256,6144
"(2, 3, 6, 11)",True,(11 - 3) / (2 / 6),256,6144
"(2, 3, 6, 12)",True,((2 * 3) + 6) + 12,256,6144
"(2, 3, 6, 13)",True,((2 + 3) + 6) + 13,256,6144
"(2, 3, 7, 7)",True,((2 * 7) + 3) + 7,96,2304
"(2, 3, 7, 8)",True,((2 + 7) / 3) * 8,256,6144
"(2, 3, 7, 9)",True,(7 + 9) / (2 / 3),256,6144
"(2, 3, 7, 10)",True,((2 * 10) - 3) + 7,256,6144
"(2, 3, 7, 11)",True,((2 + 3) * 7) - 11,256,6144
"(2, 3, 7, 12)",True,((2 + 3) + 7) + 12,256,6144
"(2, 3, 7, 13)",True,((2 - 7) + 13) * 3,256,6144
"(2, 3, 8, 8)",True,(8 - (2 + 3)) * 8,96,2304
"(2, 3, 8, 9)",True,(9 - (2 * 3)) * 8,256,6144
"(2, 3, 8, 10)",True,((2 * 3) + 8) + 10,256,6144
"(2, 3, 8, 11)",True,((2 + 3) + 8) + 11,256,6144
"(2, 3, 8, 12)",True,(8 - (2 * 3)) * 12,256,6144
"(2, 3, 8, 13)",True,((3 + 13) * 2) - 8,256,6144
"(2, 3, 9, 9)",True,((2 * 3) + 9) + 9,96,2304
"(2, 3, 9, 10)",True,((2 + 3) + 9) + 10,256,6144
"(2, 3, 9, 11)",False,,256,6144
"(2, 3, 9, 12)",True,12 - ((3 - 9) * 2),256,6144
"(2, 3, 9, 13)",True,(13 - 9) * (2 * 3),256,6144
"(2, 3, 10, 10)",True,10 - ((3 - 10) * 2),96,2304
"(2, 3, 10, 11)",False,,256,6144
"(2, 3, 10, 12)",True,12 / ((2 + 3) / 10),256,6144
"(2, 3, 10, 13)",True,13 - ((2 - 3) - 10),256,6144
"(2, 3, 11, 11)",True,(3 * 11) + (2 - 11),96,2304
"(2, 3, 11, 12)",True,12 - ((2 - 3) - 11),256,6144
"(2, 3, 11, 13)",True,13 - ((2 - 3) * 11),256,6144
"(2, 3, 12, 12)",True,12 - ((2 - 3) * 12),96,2304
"(2, 3, 12, 13)",True,((2 - 3) + 12) + 13,256,6144
"(2, 3, 13, 13)",True,(3 * 13) - (2 + 13),96,2304
"(2, 4, 4, 4)",True,(4 - (2 - 4)) * 4,16,384
"(2, 4, 4, 5)",True,((2 + 5) * 4) - 4,96,2304
"(2, 4, 4, 6)",True,((2 * 4) - 4) * 6,96,2304
"(2, 4, 4, 7)",True,(7 - 4) * (2 * 4),96,2304
"(2, 4, 4, 8)",True,(8 - 4) * (2 + 4),96,2304
"(2, 4, 4, 9)",True,((9 - 2) * 4) - 4,96,2304
"(2, 4, 4, 10)",True,4 - ((2 - 4) * 10),96,2304
"(2, 4, 4, 11)",True,((4 / 4) + 11) * 2,96,2304
"(2, 4, 4, 12)",True,((2 + 4) - 4) * 12,96,2304
"(2, 4, 4, 13)",True,(13 - (4 / 4)) * 2,96,2304
"(2, 4, 5, 5)",True,((5 + 5) * 2) + 4,96,2304
"(2, 4, 5, 6)",True,((2 + 4) * 5) - 6,256,6144
"(2, 4, 5, 7)",True,(5 + 7) / (2 / 4),256,6144
"(2, 4, 5, 8)",True,((2 - 4) + 5) * 8,256,6144
"(2, 4, 5, 9)",True,(9 - 5) * (2 + 4),256,6144
"(2, 4, 5, 10)",True,((2 * 5) + 4) + 10,256,6144
"(2, 4, 5, 11)",True,((2 * 4) + 5) + 11,256,6144
"(2, 4, 5, 12)",True,12 - ((2 - 5) * 4),256,6144
"(2, 4, 5, 13)",True,((2 + 4) + 5) + 13,256,6144
"(2, 4, 6, 6)",True,((2 - 4) + 6) * 6,96,2304
"(2, 4, 6, 7)",True,(7 - 4) * (2 + 6),256,6144
"(2, 4, 6, 8)",True,((2 / 4) * 6) * 8,256,6144
"(2, 4, 6, 9)",True,6 - ((2 - 4) * 9),256,6144
"(2, 4, 6, 10)",True,(10 - (2 + 4)) * 6,256,6144
"(2, 4, 6, 11)",True,((2 * 11) - 4) + 6,256,6144
"(2, 4, 6, 12)",True,((2 + 4) + 6) + 12,256,6144
"(2, 4, 6, 13)",True,((2 * 13) + 4) - 6,256,6144
"(2, 4, 7, 7)",True,((7 + 7) * 2) - 4,96,2304
"(2, 4, 7, 8)",True,((2 * 7) - 8) * 4,256,6144
"(2, 4, 7, 9)",True,((2 * 4) + 7) + 9,256,6144
"(2, 4, 7, 10)",True,10 - ((2 - 4) * 7),256,6144
"(2, 4, 7, 11)",True,((2 + 4) + 7) + 11,256,6144
"(2, 4, 7, 12)",True,((2 + 7) * 4) - 12,256,6144
"(2, 4, 7, 13)",False,,256,6144
"(2, 4, 8, 8)",True,8 - ((2 - 4) * 8),96,2304
"(2, 4, 8, 9)",True,(9 - (2 + 4)) * 8,256,6144
"(2, 4, 8, 10)",True,((2 + 4) + 8) + 10,256,6144
"(2, 4, 8, 11)",True,(11 - (2 * 4)) * 8,256,6144
"(2, 4, 8, 12)",True,(8 - (2 + 4)) * 12,256,6144
"(2, 4, 8, 13)",True,(2 * 13) - (8 / 4),256,6144
"(2, 4, 9, 9)",True,((2 + 4) + 9) + 9,96,2304
"(2, 4, 9, 10)",True,((2 * 9) - 4) + 10,256,6144
"(2, 4, 9, 11)",False,,256,6144
"(2, 4, 9, 12)",True,(12 - 9) * (2 * 4),256,6144
"(2, 4, 9, 13)",True,(13 - 9) * (2 + 4),256,6144
"(2, 4, 10, 10)",True,((4 / 10) + 2) * 10,96,2304
"(2, 4, 10, 11)",True,(4 * 11) - (2 * 10),256,6144
"(2, 4, 10, 12)",True,12 - ((2 - 4) - 10),256,6144
"(2, 4, 10, 13)",True,(13 - 10) * (2 * 4),256,6144
"(2, 4, 11, 11)",True,11 - ((2 - 4) - 11),96,2304
"(2, 4, 11, 12)",True,((11 - 2) * 4) - 12,256,6144
"(2, 4, 11, 13)",False,,256,6144
"(2, 4, 12, 12)",True,12 / ((2 + 4) / 12),96,2304
"(2, 4, 12, 13)",False,,256,6144
"(2, 4, 13, 13)",True,((2 - 4) + 13) + 13,96,2304
"(2, 5, 5, 5)",False,,16,384
"(2, 5, 5, 6)",False,,96,2304
"(2, 5, 5, 7)",True,((2 * 7) + 5) + 5,96,2304
"(2, 5, 5, 8)",True,((5 / 5) + 2) * 8,96,2304
"(2, 5, 5, 9)",True,9 - ((2 - 5) * 5),96,2304
"(2, 5, 5, 10)",True,(5 - (2 / 10)) * 5,96,2304
"(2, 5, 5, 11)",True,((2 + 5) * 5) - 11,96,2304
"(2, 5, 5, 12)",True,((2 + 5) + 5) + 12,96,2304
"(2, 5, 5, 13)",True,(5 - 13) * (2 - 5),96,2304
"(2, 5, 6, 6)",True,6 - ((2 - 5) * 6),96,2304
"(2, 5, 6, 7)",True,((2 - 5) + 7) * 6,256,6144
"(2, 5, 6, 8)",True,((2 - 5) + 6) * 8,256,6144
"(2, 5, 6, 9)",True,(6 / (2 / 5)) + 9,256,6144
"(2, 5, 6, 10)",True,((2 / 5) * 6) * 10,256,6144
"(2, 5, 6, 11)",True,((2 + 5) + 6) + 11,256,6144
"(2, 5, 6, 12)",True,(12 / (2 / 5)) - 6,256,6144
"(2, 5, 6, 13)",True,(13 - 5) / (2 / 6),256,6144
"(2, 5, 7, 7)",True,((2 * 5) + 7) + 7,96,2304
"(2, 5, 7, 8)",True,((2 * 5) - 7) * 8,256,6144
"(2, 5, 7, 9)",True,(5 * 7) - (2 + 9),256,6144
"(2, 5, 7, 10)",True,((2 + 5) + 7) + 10,256,6144
"(2, 5, 7, 11)",True,((2 * 11) - 5) + 7,256,6144
"(2, 5, 7, 12)",False,,256,6144
"(2, 5, 7, 13)",True,(5 * 7) + (2 - 13),256,6144
"(2, 5, 8, 8)",True,(5 * 8) - (2 * 8),96,2304
"(2, 5, 8, 9)",True,((2 + 5) + 8) + 9,256,6144
"(2, 5, 8, 10)",True,(10 - (2 + 5)) * 8,256,6144
"(2, 5, 8, 11)",True,(11 - 5) / (2 / 8),256,6144
"(2, 5, 8, 12)",True,((2 * 5) - 8) * 12,256,6144
"(2, 5, 8, 13)",True,13 - ((2 - 5) - 8),256,6144
"(2, 5, 9, 9)",False,,96,2304
"(2, 5, 9, 10)",True,((2 * 10) - 5) + 9,256,6144
"(2, 5, 9, 11)",True,((2 * 9) - 5) + 11,256,6144
"(2, 5, 9, 12)",True,(9 - (2 + 5)) * 12,256,6144
"(2, 5, 9, 13)",False,,256,6144
"(2, 5, 10, 10)",True,((2 + 10) / 5) * 10,96,2304
"(2, 5, 10, 11)",True,11 - ((2 - 5) - 10),256,6144
"(2, 5, 10, 12)",True,((5 + 12) * 2) - 10,256,6144
"(2, 5, 10, 13)",True,(5 * 10) - (2 * 13),256,6144
"(2, 5, 11, 11)",False,,96,2304
"(2, 5, 11, 12)",True,12 - ((5 - 11) * 2),256,6144
"(2, 5, 11, 13)",False,,256,6144
"(2, 5, 12, 12)",True,(12 - (2 * 5)) * 12,96,2304
"(2, 5, 12, 13)",True,((5 + 13) * 2) - 12,256,6144
"(2, 5, 13, 13)",False,,96,2304
"(2, 6, 6, 6)",True,((2 * 6) + 6) + 6,16,384
"(2, 6, 6, 7)",True,(7 - (6 / 2)) * 6,96,2304
"(2, 6, 6, 8)",True,((2 - 6) + 8) * 6,96,2304
"(2, 6, 6, 9)",True,(9 - 6) * (2 + 6),96,2304
"(2, 6, 6, 10)",True,((2 + 6) + 6) + 10,96,2304
"(2, 6, 6, 11)",True,((6 / 6) + 11) * 2,96,2304
"(2, 6, 6, 12)",True,((2 + 6) - 6) * 12,96,2304
"(2, 6, 6, 13)",True,(13 - (6 / 6)) * 2,96,2304
"(2, 6, 7, 7)",False,,96,2304
"(2, 6, 7, 8)",True,((2 - 6) + 7) * 8,256,6144
"(2, 6, 7, 9)",True,((2 + 6) + 7) + 9,256,6144
"(2, 6, 7, 10)",True,(10 - 7) * (2 + 6),256,6144
"(2, 6, 7, 11)",True,(11 - (6 - 7)) * 2,256,6144
"(2, 6, 7, 12)",True,(7 - 6) * (2 * 12),256,6144
"(2, 6, 7, 13)",True,13 - ((2 - 6) - 7),256,6144
"(2, 6, 8, 8)",True,((2 + 6) + 8) + 8,96,2304
"(2, 6, 8, 9)",True,((2 * 6) - 9) * 8,256,6144
"(2, 6, 8, 10)",True,(10 - 8) * (2 * 6),256,6144
"(2, 6, 8, 11)",True,(11 - (2 + 6)) * 8,256,6144
"(2, 6, 8, 12)",True,12 - ((2 - 6) - 8),256,6144
"(2, 6, 8, 13)",True,((2 * 13) + 6) - 8,256,6144
"(2, 6, 9, 9)",True,(9 - (6 - 9)) * 2,96,2304
"(2, 6, 9, 10)",True,(6 - 9) * (2 - 10),256,6144
"(2, 6, 9, 11)",True,11 - ((2 - 6) - 9),256,6144
"(2, 6, 9, 12)",True,(12 - 9) * (2 + 6),256,6144
"(2, 6, 9, 13)",False,,256,6144
"(2, 6, 10, 10)",True,10 - ((2 - 6) - 10),96,2304
"(2, 6, 10, 11)",True,((6 / 2) + 10) + 11,256,6144
"(2, 6, 10, 12)",True,(10 - (2 + 6)) * 12,256,6144
"(2, 6, 10, 13)",True,(13 - 10) * (2 + 6),256,6144
"(2, 6, 11, 11)",False,,96,2304
"(2, 6, 11, 12)",True,(12 / 6) + (2 * 11),256,6144
"(2, 6, 11, 13)",True,(13 - 11) * (2 * 6),256,6144
"(2, 6, 12, 12)",True,(12 / (2 / 6)) - 12,96,2304
"(2, 6, 12, 13)",True,(2 * 13) - (12 / 6),256,6144
"(2, 6, 13, 13)",False,,96,2304
"(2, 7, 7, 7)",False,,16,384
"(2, 7, 7, 8)",True,((2 + 7) + 7) + 8,96,2304
"(2, 7, 7, 9)",False,,96,2304
"(2, 7, 7, 10)",True,((10 / 7) + 2) * 7,96,2304
"(2, 7, 7, 11)",True,((7 - 2) * 7) - 11,96,2304
"(2, 7, 7, 12)",True,((2 + 7) - 7) * 12,96,2304
"(2, 7, 7, 13)",True,(13 - (7 / 7)) * 2,96,2304
"(2, 7, 8, 8)",True,((2 - 7) + 8) * 8,96,2304
"(2, 7, 8, 9)",True,((7 + 9) * 2) - 8,256,6144
"(2, 7, 8, 10)",False,,256,6144
"(2, 7, 8, 11)",True,11 - ((2 - 7) - 8),256,6144
"(2, 7, 8, 12)",True,(12 - (2 + 7)) * 8,256,6144
"(2, 7, 8, 13)",True,(13 - 7) / (2 / 8),256,6144
"(2, 7, 9, 9)",False,,96,2304
"(2, 7, 9, 10)",True,10 - ((2 - 7) - 9),256,6144
"(2, 7, 9, 11)",True,((2 * 11) - 7) + 9,256,6144
"(2, 7, 9, 12)",False,,256,6144
"(2, 7, 9, 13)",True,((2 * 9) - 7) + 13,256,6144
"(2, 7, 10, 10)",True,(7 - 10) * (2 - 10),96,2304
"(2, 7, 10, 11)",True,(10 / (2 / 7)) - 11,256,6144
"(2, 7, 10, 12)",True,12 / ((7 - 2) / 10),256,6144
"(2, 7, 10, 13)",False,,256,6144
"(2, 7, 11, 11)",False,,96,2304
"(2, 7, 11, 12)",True,(11 - (2 + 7)) * 12,256,6144
"(2, 7, 11, 13)",False,,256,6144
"(2, 7, 12, 12)",True,((2 * 7) - 12) * 12,96,2304
"(2, 7, 12, 13)",True,12 - ((7 - 13) * 2),256,6144
"(2, 7, 13, 13)",False,,96,2304
"(2, 8, 8, 8)",True,(8 / (2 / 8)) - 8,16,384
"(2, 8, 8, 9)",True,((2 - 8) + 9) * 8,96,2304
"(2, 8, 8, 10)",True,10 - ((2 - 8) - 8),96,2304
"(2, 8, 8, 11)",True,((8 / 8) + 11) * 2,96,2304
"(2, 8, 8, 12)",True,((2 + 8) - 8) * 12,96,2304
"(2, 8, 8, 13)",True,(13 - (2 + 8)) * 8,96,2304
"(2, 8, 9, 9)",True,9 - ((2 - 8) - 9),96,2304
"(2, 8, 9, 10)",True,((2 - 9) + 10) * 8,256,6144
"(2, 8, 9, 11)",True,((8 / 2) + 9) + 11,256,6144
"(2, 8, 9, 12)",True,(9 / (2 / 8)) - 12,256,6144
"(2, 8, 9, 13)",True,(9 - 13) * (2 - 8),256,6144
"(2, 8, 10, 10)",True,(10 - 8) * (2 + 10),96,2304
"(2, 8, 10, 11)",True,((2 - 10) + 11) * 8,256,6144
"(2, 8, 10, 12)",True,((2 * 10) - 8) + 12,256,6144
"(2, 8, 10, 13)",True,((2 * 13) + 8) - 10,256,6144
"(2, 8, 11, 11)",True,((11 / 11) + 2) * 8,96,2304
"(2, 8, 11, 12)",True,((2 - 11) + 12) * 8,256,6144
"(2, 8, 11, 13)",False,,256,6144
"(2, 8, 12, 12)",True,(12 - (2 + 8)) * 12,96,2304
"(2, 8, 12, 13)",True,((2 - 12) + 13) * 8,256,6144
"(2, 8, 13, 13)",True,((13 / 13) + 2) * 8,96,2304
"(2, 9, 9, 9)",False,,16,384
"(2, 9, 9, 10)",False,,96,2304
"(2, 9, 9, 11)",True,((9 / 9) + 11) * 2,96,2304
"(2, 9, 9, 12)",True,((2 + 9) - 9) * 12,96,2304
"(2, 9, 9, 13)",True,(13 - (9 / 9)) * 2,96,2304
"(2, 9, 10, 10)",True,(10 / 2) + (9 + 10),96,2304
"(2, 9, 10, 11)",True,(11 - 9) * (2 + 10),256,6144
"(2, 9, 10, 12)",True,(9 - 12) * (2 - 10),256,6144
"(2, 9, 10, 13)",True,((2 * 10) - 9) + 13,256,6144
"(2, 9, 11, 11)",True,((2 * 11) - 9) + 11,96,2304
"(2, 9, 11, 12)",False,,256,6144
"(2, 9, 11, 13)",True,((2 * 13) + 9) - 11,256,6144
"(2, 9, 12, 12)",False,,96,2304
"(2, 9, 12, 13)",True,(13 - (2 + 9)) * 12,256,6144
"(2, 9, 13, 13)",True,((9 + 13) / 2) + 13,96,2304
"(2, 10, 10, 10)",False,,16,384
"(2, 10, 10, 11)",True,((10 / 10) + 11) * 2,96,2304
"(2, 10, 10, 12)",True,((2 + 10) - 10) * 12,96,2304
"(2, 10, 10, 13)",True,(10 - 13) * (2 - 10),96,2304
"(2, 10, 11, 11)",True,(11 - (10 - 11)) * 2,96,2304
"(2, 10, 11, 12)",True,((2 * 11) - 10) + 12,256,6144
"(2, 10, 11, 13)",True,(13 - 11) * (2 + 10),256,6144
"(2, 10, 12, 12)",False,,96,2304
"(2, 10, 12, 13)",True,((2 * 13) + 10) - 12,256,6144
"(2, 10, 13, 13)",False,,96,2304
"(2, 11, 11, 11)",True,((11 / 11) + 11) * 2,16,384
"(2, 11, 11, 12)",True,((2 + 11) - 11) * 12,96,2304
"(2, 11, 11, 13)",True,((2 * 11) - 11) + 13,96,2304
"(2, 11, 12, 12)",True,(12 - 11) * (2 * 12),96,2304
"(2, 11, 12, 13)",True,((11 - 12) + 13) * 2,256,6144
"(2, 11, 13, 13)",True,((2 * 13) + 11) - 13,96,2304
"(2, 12, 12, 12)",True,((2 + 12) - 12) * 12,16,384
"(2, 12, 12, 13)",True,(13 - 12) * (2 * 12),96,2304
"(2, 12, 13, 13)",True,((2 * 12) + 13) - 13,96,2304
"(2, 13, 13, 13)",True,(13 - (13 / 13)) * 2,16,384
"(3, 3, 3, 3)",True,((3 * 3) * 3) - 3,1,24
"(3, 3, 3, 4)",True,((3 * 3) - 3) * 4,16,384
"(3, 3, 3, 5)",True,(3 * 5) + (3 * 3),16,384
"(3, 3, 3, 6)",True,((3 + 3) * 3) + 6,16,384
"(3, 3, 3, 7)",True,(7 - 3) * (3 + 3),16,384
"(3, 3, 3, 8)",True,((3 + 3) - 3) * 8,16,384
"(3, 3, 3, 9)",True,(9 - (3 / 3)) * 3,16,384
"(3, 3, 3, 10)",True,(3 * 10) - (3 + 3),16,384
"(3, 3, 3, 11)",True,(3 * 11) - (3 * 3),16,384
"(3, 3, 3, 12)",True,((3 + 3) / 3) * 12,16,384
"(3, 3, 3, 13)",False,,16,384
"(3, 3, 4, 4)",True,((3 * 4) - 4) * 3,36,864
"(3, 3, 4, 5)",True,((3 / 3) + 5) * 4,96,2304
"(3, 3, 4, 6)",True,((3 - 3) + 4) * 6,96,2304
"(3, 3, 4, 7)",True,(7 - (3 / 3)) * 4,96,2304
"(3, 3, 4, 8)",True,(8 - 4) * (3 + 3),96,2304
"(3, 3, 4, 9)",True,((3 - 4) + 9) * 3,96,2304
"(3, 3, 4, 10)",False,,96,2304
"(3, 3, 4, 11)",True,((3 * 3) + 4) + 11,96,2304
"(3, 3, 4, 12)",True,((3 + 3) - 4) * 12,96,2304
"(3, 3, 4, 13)",True,((13 - 4) * 3) - 3,96,2304
"(3, 3, 5, 5)",True,(5 * 5) - (3 / 3),36,864
"(3, 3, 5, 6)",True,((3 + 3) * 5) - 6,96,2304
"(3, 3, 5, 7)",True,((3 * 5) - 7) * 3,96,2304
"(3, 3, 5, 8)",False,,96,2304
"(3, 3, 5, 9)",True,(9 - 5) * (3 + 3),96,2304
"(3, 3, 5, 10)",True,((3 * 3) + 5) + 10,96,2304
"(3, 3, 5, 11)",False,,96,2304
"(3, 3, 5, 12)",True,((3 * 5) - 3) + 12,96,2304
"(3, 3, 5, 13)",True,((3 + 3) + 5) + 13,96,2304
"(3, 3, 6, 6)",True,((6 / 3) + 6) * 3,36,864
"(3, 3, 6, 7)",True,3 - ((3 - 6) * 7),96,2304
"(3, 3, 6, 8)",True,((3 * 3) - 6) * 8,96,2304
"(3, 3, 6, 9)",True,((3 * 3) + 6) + 9,96,2304
"(3, 3, 6, 10)",True,(10 - (3 + 3)) * 6,96,2304
"(3, 3, 6, 11)",True,(3 * 11) - (3 + 6),96,2304
"(3, 3, 6, 12)",True,((3 + 3) + 6) + 12,96,2304
"(3, 3, 6, 13)",True,(13 - (3 * 3)) * 6,96,2304
"(3, 3, 7, 7)",True,((3 / 7) + 3) * 7,36,864
"(3, 3, 7, 8)",True,((3 * 3) + 7) + 8,96,2304
"(3, 3, 7, 9)",True,(3 - 9) * (3 - 7),96,2304
"(3, 3, 7, 10)",False,,96,2304
"(3, 3, 7, 11)",True,((3 + 3) + 7) + 11,96,2304
"(3, 3, 7, 12)",True,((3 * 3) - 7) * 12,96,2304
"(3, 3, 7, 13)",True,((3 * 7) - 13) * 3,96,2304
"(3, 3, 8, 8)",True,8 / (3 - (8 / 3)),36,864
"(3, 3, 8, 9)",True,(9 - (3 + 3)) * 8,96,2304
"(3, 3, 8, 10)",True,((3 + 3) + 8) + 10,96,2304
"(3, 3, 8, 11)",False,,96,2304
"(3, 3, 8, 12)",True,(8 - (3 + 3)) * 12,96,2304
"(3, 3, 8, 13)",True,((3 - 8) + 13) * 3,96,2304
"(3, 3, 9, 9)",True,((3 + 3) + 9) + 9,36,864
"(3, 3, 9, 10)",True,(3 * 10) + (3 - 9),96,2304
"(3, 3, 9, 11)",True,(11 - 3) / (3 / 9),96,2304
"(3, 3, 9, 12)",True,((3 + 9) * 3) - 12,96,2304
"(3, 3, 9, 13)",True,(13 - 9) * (3 + 3),96,2304
"(3, 3, 10, 10)",False,,36,864
"(3, 3, 10, 11)",False,,96,2304
"(3, 3, 10, 12)",False,,96,2304
"(3, 3, 10, 13)",True,((3 / 3) + 10) + 13,96,2304
"(3, 3, 11, 11)",False,,36,864
"(3, 3, 11, 12)",True,(11 - (3 * 3)) * 12,96,2304
"(3, 3, 11, 13)",True,((3 - 3) + 11) + 13,96,2304
"(3, 3, 12, 12)",True,12 / ((3 + 3) / 12),36,864
"(3, 3, 12, 13)",True,13 - ((3 / 3) - 12),96,2304
"(3, 3, 13, 13)",False,,36,864
"(3, 4, 4, 4)",True,((3 + 4) * 4) - 4,16,384
"(3, 4, 4, 5)",True,(5 - (3 - 4)) * 4,96,2304
"(3, 4, 4, 6)",True,((3 * 4) - 6) * 4,96,2304
"(3, 4, 4, 7)",True,((3 - 4) + 7) * 4,96,2304
"(3, 4, 4, 8)",True,((3 + 4) - 4) * 8,96,2304
"(3, 4, 4, 9)",True,(4 * 9) - (3 * 4),96,2304
"(3, 4, 4, 10)",True,((10 - 3) * 4) - 4,96,2304
"(3, 4, 4, 11)",True,(4 * 4) - (3 - 11),96,2304
"(3, 4, 4, 12)",True,(3 - (4 / 4)) * 12,96,2304
"(3, 4, 4, 13)",True,((3 + 4) + 4) + 13,96,2304
"(3, 4, 5, 5)",True,(5 * 5) + (3 - 4),96,2304
"(3, 4, 5, 6)",True,((3 - 4) + 5) * 6,256,6144
"(3, 4, 5, 7)",True,((3 * 4) + 5) + 7,256,6144
"(3, 4, 5, 8)",True,((3 + 5) * 4) - 8,256,6144
"(3, 4, 5, 9)",True,((3 * 5) - 9) * 4,256,6144
"(3, 4, 5, 10)",True,((3 * 4) / 5) * 10,256,6144
"(3, 4, 5, 11)",True,((3 + 4) * 5) - 11,256,6144
"(3, 4, 5, 12)",True,((3 + 4) + 5) + 12,256,6144
"(3, 4, 5, 13)",True,(5 + 13) / (3 / 4),256,6144
"(3, 4, 6, 6)",True,((3 * 4) + 6) + 6,96,2304
"(3, 4, 6, 7)",False,,256,6144
"(3, 4, 6, 8)",True,((3 * 4) - 8) * 6,256,6144
"(3, 4, 6, 9)",True,((3 - 6) + 9) * 4,256,6144
"(3, 4, 6, 10)",True,((3 * 6) - 4) + 10,256,6144
"(3, 4, 6, 11)",True,((3 + 4) + 6) + 11,256,6144
"(3, 4, 6, 12)",True,((3 * 4) / 6) * 12,256,6144
"(3, 4, 6, 13)",True,((3 + 13) / 4) * 6,256,6144
"(3, 4, 7, 7)",True,(4 * 7) + (3 - 7),96,2304
"(3, 4, 7, 8)",True,8 - ((3 - 7) * 4),256,6144
"(3, 4, 7, 9)",True,(9 - 7) * (3 * 4),256,6144
"(3, 4, 7, 10)",True,((3 + 4) + 7) + 10,256,6144
"(3, 4, 7, 11)",True,(7 + 11) / (3 / 4),256,6144
"(3, 4, 7, 12)",True,(12 / 4) + (3 * 7),256,6144
"(3, 4, 7, 13)",False,,256,6144
"(3, 4, 8, 8)",False,,96,2304
"(3, 4, 8, 9)",True,((3 + 4) + 8) + 9,256,6144
"(3, 4, 8, 10)",True,(10 - (3 + 4)) * 8,256,6144
"(3, 4, 8, 11)",True,((3 - 8) + 11) * 4,256,6144
"(3, 4, 8, 12)",True,(12 / (3 / 4)) + 8,256,6144
"(3, 4, 8, 13)",True,(13 - 4) / (3 / 8),256,6144
"(3, 4, 9, 9)",True,(9 + 9) / (3 / 4),96,2304
"(3, 4, 9, 10)",False,,256,6144
"(3, 4, 9, 11)",True,(11 - 9) * (3 * 4),256,6144
"(3, 4, 9, 12)",True,(9 - (3 + 4)) * 12,256,6144
"(3, 4, 9, 13)",True,((4 - 9) + 13) * 3,256,6144
"(3, 4, 10, 10)",True,((3 * 10) + 4) - 10,96,2304
"(3, 4, 10, 11)",False,,256,6144
"(3, 4, 10, 12)",True,((3 * 4) - 10) * 12,256,6144
"(3, 4, 10, 13)",True,13 - ((3 - 4) - 10),256,6144
"(3, 4, 11, 11)",False,,96,2304
"(3, 4, 11, 12)",True,12 - ((3 - 4) - 11),256,6144
"(3, 4, 11, 13)",True,13 - ((3 - 4) * 11),256,6144
"(3, 4, 12, 12)",True,12 - ((3 - 4) * 12),96,2304
"(3, 4, 12, 13)",True,((3 - 4) + 12) + 13,256,6144
"(3, 4, 13, 13)",False,,96,2304
"(3, 5, 5, 5)",False,,16,384
"(3, 5, 5, 6)",True,((5 + 5) * 3) - 6,96,2304
"(3, 5, 5, 7)",True,(5 + 7) * (5 - 3),96,2304
"(3, 5, 5, 8)",True,((3 + 5) - 5) * 8,96,2304
"(3, 5, 5, 9)",True,(9 - (5 / 5)) * 3,96,2304
"(3, 5, 5, 10)",False,,96,2304
"(3, 5, 5, 11)",True,((3 + 5) + 5) + 11,96,2304
"(3, 5, 5, 12)",True,(3 - (5 / 5)) * 12,96,2304
"(3, 5, 5, 13)",False,,96,2304
"(3, 5, 6, 6)",True,((3 - 5) + 6) * 6,96,2304
"(3, 5, 6, 7)",True,(5 + 7) / (3 / 6),256,6144
"(3, 5, 6, 8)",True,(6 - 5) * (3 * 8),256,6144
"(3, 5, 6, 9)",True,(9 - 6) * (3 + 5),256,6144
"(3, 5, 6, 10)",True,((3 + 5) + 6) + 10,256,6144
"(3, 5, 6, 11)",True,((3 * 5) - 11) * 6,256,6144
"(3, 5, 6, 12)",True,((3 + 5) - 6) * 12,256,6144
"(3, 5, 6, 13)",True,(5 - 13) * (3 - 6),256,6144
"(3, 5, 7, 7)",False,,96,2304
"(3, 5, 7, 8)",True,((3 * 7) - 5) + 8,256,6144
"(3, 5, 7, 9)",True,((3 + 5) + 7) + 9,256,6144
"(3, 5, 7, 10)",True,(10 - 7) * (3 + 5),256,6144
"(3, 5, 7, 11)",True,(5 - 11) * (3 - 7),256,6144
"(3, 5, 7, 12)",True,((3 + 7) / 5) * 12,256,6144
"(3, 5, 7, 13)",True,((5 * 13) + 7) / 3,256,6144
"(3, 5, 8, 8)",True,((3 + 5) + 8) + 8,96,2304
"(3, 5, 8, 9)",True,((3 * 9) + 5) - 8,256,6144
"(3, 5, 8, 10)",False,,256,6144
"(3, 5, 8, 11)",True,(11 - (3 + 5)) * 8,256,6144
"(3, 5, 8, 12)",True,((3 * 5) - 12) * 8,256,6144
"(3, 5, 8, 13)",True,(5 * 8) - (3 + 13),256,6144
"(3, 5, 9, 9)",True,(9 / (3 / 5)) + 9,96,2304
"(3, 5, 9, 10)",True,((3 + 9) / 5) * 10,256,6144
"(3, 5, 9, 11)",False,,256,6144
"(3, 5, 9, 12)",True,(12 - 9) * (3 + 5),256,6144
"(3, 5, 9, 13)",True,13 - ((3 - 5) - 9),256,6144
"(3, 5, 10, 10)",True,(10 - (10 / 5)) * 3,96,2304
"(3, 5, 10, 11)",True,((3 * 10) + 5) - 11,256,6144
"(3, 5, 10, 12)",True,(10 - (3 + 5)) * 12,256,6144
"(3, 5, 10, 13)",True,(13 - 10) * (3 + 5),256,6144
"(3, 5, 11, 11)",True,11 - ((3 - 5) - 11),96,2304
"(3, 5, 11, 12)",True,(11 - 5) / (3 / 12),256,6144
"(3, 5, 11, 13)",False,,256,6144
"(3, 5, 12, 12)",True,(5 * 12) - (3 * 12),96,2304
"(3, 5, 12, 13)",True,((3 * 5) - 13) * 12,256,6144
"(3, 5, 13, 13)",True,((3 - 5) + 13) + 13,96,2304
"(3, 6, 6, 6)",True,6 - ((3 - 6) * 6),16,384
"(3, 6, 6, 7)",True,((3 - 6) + 7) * 6,96,2304
"(3, 6, 6, 8)",True,((3 + 6) - 6) * 8,96,2304
"(3, 6, 6, 9)",True,((3 + 6) + 6) + 9,96,2304
"(3, 6, 6, 10)",True,((6 - 3) * 10) - 6,96,2304
"(3, 6, 6, 11)",True,((6 * 11) + 6) / 3,96,2304
"(3, 6, 6, 12)",True,((3 * 6) - 6) + 12,96,2304
"(3, 6, 6, 13)",True,(13 - (3 + 6)) * 6,96,2304
"(3, 6, 7, 7)",True,(7 - (6 - 7)) * 3,96,2304
"(3, 6, 7, 8)",True,((3 + 6) + 7) + 8,256,6144
"(3, 6, 7, 9)",True,((3 * 7) - 6) + 9,256,6144
"(3, 6, 7, 10)",True,(7 / (3 / 6)) + 10,256,6144
"(3, 6, 7, 11)",False,,256,6144
"(3, 6, 7, 12)",True,((3 + 6) - 7) * 12,256,6144
"(3, 6, 7, 13)",True,((3 * 6) - 7) + 13,256,6144
"(3, 6, 8, 8)",True,(8 / (3 / 6)) + 8,96,2304
"(3, 6, 8, 9)",True,((3 - 8) + 9) * 6,256,6144
"(3, 6, 8, 10)",True,((6 - 8) + 10) * 3,256,6144
"(3, 6, 8, 11)",False,,256,6144
"(3, 6, 8, 12)",True,(12 - (3 + 6)) * 8,256,6144
"(3, 6, 8, 13)",True,13 - ((3 - 6) - 8),256,6144
"(3, 6, 9, 9)",True,((3 * 9) + 6) - 9,96,2304
"(3, 6, 9, 10)",True,((3 - 9) + 10) * 6,256,6144
"(3, 6, 9, 11)",True,(6 - 9) * (3 - 11),256,6144
"(3, 6, 9, 12)",True,12 - ((3 - 6) - 9),256,6144
"(3, 6, 9, 13)",True,((3 + 13) / 6) * 9,256,6144
"(3, 6, 10, 10)",True,(3 - (6 / 10)) * 10,96,2304
"(3, 6, 10, 11)",True,11 - ((3 - 6) - 10),256,6144
"(3, 6, 10, 12)",True,((3 * 10) + 6) - 12,256,6144
"(3, 6, 10, 13)",False,,256,6144
"(3, 6, 11, 11)",True,((6 / 3) + 11) + 11,96,2304
"(3, 6, 11, 12)",True,(11 - (3 + 6)) * 12,256,6144
"(3, 6, 11, 13)",True,((6 - 11) + 13) * 3,256,6144
"(3, 6, 12, 12)",True,(12 - 6) / (3 / 12),96,2304
"(3, 6, 12, 13)",True,((3 - 12) + 13) * 6,256,6144
"(3, 6, 13, 13)",True,13 - ((6 / 3) - 13),96,2304
"(3, 7, 7, 7)",True,((3 + 7) + 7) + 7,16,384
"(3, 7, 7, 8)",True,((3 + 7) - 7) * 8,96,2304
"(3, 7, 7, 9)",True,(9 - (7 / 7)) * 3,96,2304
"(3, 7, 7, 10)",True,((3 * 7) - 7) + 10,96,2304
"(3, 7, 7, 11)",False,,96,2304
"(3, 7, 7, 12)",True,(3 - (7 / 7)) * 12,96,2304
"(3, 7, 7, 13)",True,13 - ((3 - 7) - 7),96,2304
"(3, 7, 8, 8)",True,(8 - 7) * (3 * 8),96,2304
"(3, 7, 8, 9)",True,((7 - 8) + 9) * 3,256,6144
"(3, 7, 8, 10)",False,,256,6144
"(3, 7, 8, 11)",True,((3 * 7) - 8) + 11,256,6144
"(3, 7, 8, 12)",True,((3 + 7) - 8) * 12,256,6144
"(3, 7, 8, 13)",True,(13 - (3 + 7)) * 8,256,6144
"(3, 7, 9, 9)",True,(9 - 7) * (3 + 9),96,2304
"(3, 7, 9, 10)",True,((3 * 9) + 7) - 10,256,6144
"(3, 7, 9, 11)",True,11 - ((3 - 7) - 9),256,6144
"(3, 7, 9, 12)",True,((3 * 7) - 9) + 12,256,6144
"(3, 7, 9, 13)",True,(7 * 9) - (3 * 13),256,6144
"(3, 7, 10, 10)",True,10 - ((3 - 7) - 10),96,2304
"(3, 7, 10, 11)",True,(7 - 10) * (3 - 11),256,6144
"(3, 7, 10, 12)",False,,256,6144
"(3, 7, 10, 13)",True,((3 * 7) - 10) + 13,256,6144
"(3, 7, 11, 11)",True,((11 / 11) + 7) * 3,96,2304
"(3, 7, 11, 12)",True,((3 + 11) / 7) * 12,256,6144
"(3, 7, 11, 13)",False,,256,6144
"(3, 7, 12, 12)",True,(12 - (3 + 7)) * 12,96,2304
"(3, 7, 12, 13)",True,(13 - 7) / (3 / 12),256,6144
"(3, 7, 13, 13)",True,((13 / 13) + 7) * 3,96,2304
"(3, 8, 8, 8)",True,((3 + 8) - 8) * 8,16,384
"(3, 8, 8, 9)",True,(9 - 8) * (3 * 8),96,2304
"(3, 8, 8, 10)",True,((8 * 10) - 8) / 3,96,2304
"(3, 8, 8, 11)",True,11 - ((3 - 8) - 8),96,2304
"(3, 8, 8, 12)",True,(12 / (3 / 8)) - 8,96,2304
"(3, 8, 8, 13)",False,,96,2304
"(3, 8, 9, 9)",True,((3 * 8) + 9) - 9,96,2304
"(3, 8, 9, 10)",True,10 - ((3 - 8) - 9),256,6144
"(3, 8, 9, 11)",True,((3 * 9) + 8) - 11,256,6144
"(3, 8, 9, 12)",True,((3 + 8) - 9) * 12,256,6144
"(3, 8, 9, 13)",True,(9 / 3) + (8 + 13),256,6144
"(3, 8, 10, 10)",True,((3 * 8) + 10) - 10,96,2304
"(3, 8, 10, 11)",True,(11 - 10) * (3 * 8),256,6144
"(3, 8, 10, 12)",True,12 / ((8 - 3) / 10),256,6144
"(3, 8, 10, 13)",False,,256,6144
"(3, 8, 11, 11)",True,((3 * 8) + 11) - 11,96,2304
"(3, 8, 11, 12)",True,(12 - 11) * (3 * 8),256,6144
"(3, 8, 11, 13)",False,,256,6144
"(3, 8, 12, 12)",True,((3 * 8) + 12) - 12,96,2304
"(3, 8, 12, 13)",True,(13 - (3 + 8)) * 12,256,6144
"(3, 8, 13, 13)",True,((3 * 8) + 13) - 13,96,2304
"(3, 9, 9, 9)",True,9 - ((3 - 9) - 9),16,384
"(3, 9, 9, 10)",True,((9 + 9) - 10) * 3,96,2304
"(3, 9, 9, 11)",True,(11 - 9) * (3 + 9),96,2304
"(3, 9, 9, 12)",True,((3 * 9) + 9) - 12,96,2304
"(3, 9, 9, 13)",True,(9 - 13) * (3 - 9),96,2304
"(3, 9, 10, 10)",True,(9 - (10 / 10)) * 3,96,2304
"(3, 9, 10, 11)",True,((9 / 3) + 10) + 11,256,6144
"(3, 9, 10, 12)",True,((3 + 9) - 10) * 12,256,6144
"(3, 9, 10, 13)",True,((3 * 9) + 10) - 13,256,6144
"(3, 9, 11, 11)",True,(3 - (9 / 11)) * 11,96,2304
"(3, 9, 11, 12)",True,(9 - 12) * (3 - 11),256,6144
"(3, 9, 11, 13)",True,(13 - 11) * (3 + 9),256,6144
"(3, 9, 12, 12)",True,(12 / (3 / 9)) - 12,96,2304
"(3, 9, 12, 13)",True,((9 + 12) - 13) * 3,256,6144
"(3, 9, 13, 13)",True,(9 - (13 / 13)) * 3,96,2304
"(3, 10, 10, 10)",False,,16,384
"(3, 10, 10, 11)",False,,96,2304
"(3, 10, 10, 12)",True,((10 + 10) - 12) * 3,96,2304
"(3, 10, 10, 13)",False,,96,2304
"(3, 10, 11, 11)",False,,96,2304
"(3, 10, 11, 12)",True,((3 + 10) - 11) * 12,256,6144
"(3, 10, 11, 13)",True,(10 - 13) * (3 - 11),256,6144
"(3, 10, 12, 12)",False,,96,2304
"(3, 10, 12, 13)",False,,256,6144
"(3, 10, 13, 13)",False,,96,2304
"(3, 11, 11, 11)",False,,16,384
"(3, 11, 11, 12)",True,(3 - (11 / 11)) * 12,96,2304
"(3, 11, 11, 13)",False,,96,2304
"(3, 11, 12, 12)",True,((3 + 11) - 12) * 12,96,2304
"(3, 11, 12, 13)",False,,256,6144
"(3, 11, 13, 13)",False,,96,2304
"(3, 12, 12, 12)",True,(3 - (12 / 12)) * 12,16,384
"(3, 12, 12, 13)",True,((3 + 12) - 13) * 12,96,2304
"(3, 12, 13, 13)",True,(3 - (13 / 13)) * 12,96,2304
"(3, 13, 13, 13)",False,,16,384
"(4, 4, 4, 4)",True,(4 * 4) + (4 + 4),1,24
"(4, 4, 4, 5)",True,((4 / 4) + 5) * 4,16,384
"(4, 4, 4, 6)",True,((4 + 4) - 4) * 6,16,384
"(4, 4, 4, 7)",True,(7 - 4) * (4 + 4),16,384
"(4, 4, 4, 8)",True,((4 + 4) * 4) - 8,16,384
"(4, 4, 4, 9)",True,4 - ((4 - 9) * 4),16,384
"(4, 4, 4, 10)",True,((4 * 4) - 10) * 4,16,384
"(4, 4, 4, 11)",True,((11 - 4) * 4) - 4,16,384
"(4, 4, 4, 12)",True,((4 + 4) + 4) + 12,16,384
"(4, 4, 4, 13)",False,,16,384
"(4, 4, 5, 5)",True,(5 * 5) - (4 / 4),36,864
"(4, 4, 5, 6)",True,(5 - (4 / 4)) * 6,96,2304
"(4, 4, 5, 7)",True,((4 - 5) + 7) * 4,96,2304
"(4, 4, 5, 8)",True,((4 + 4) - 5) * 8,96,2304
"(4, 4, 5, 9)",False,,96,2304
"(4, 4, 5, 10)",True,4 - ((5 - 10) * 4),96,2304
"(4, 4, 5, 11)",True,((4 + 4) + 5) + 11,96,2304
"(4, 4, 5, 12)",True,((4 + 5) * 4) - 12,96,2304
"(4, 4, 5, 13)",True,((4 * 4) - 5) + 13,96,2304
"(4, 4, 6, 6)",False,,36,864
"(4, 4, 6, 7)",False,,96,2304
"(4, 4, 6, 8)",True,((4 - 6) + 8) * 4,96,2304
"(4, 4, 6, 9)",True,(9 - 6) * (4 + 4),96,2304
"(4, 4, 6, 10)",True,((4 + 4) + 6) + 10,96,2304
"(4, 4, 6, 11)",True,4 - ((6 - 11) * 4),96,2304
"(4, 4, 6, 12)",True,((4 + 4) - 6) * 12,96,2304
"(4, 4, 6, 13)",True,((13 - 6) * 4) - 4,96,2304
"(4, 4, 7, 7)",True,(4 - (4 / 7)) * 7,36,864
"(4, 4, 7, 8)",True,((4 * 7) + 4) - 8,96,2304
"(4, 4, 7, 9)",True,((4 + 4) + 7) + 9,96,2304
"(4, 4, 7, 10)",True,(10 - 7) * (4 + 4),96,2304
"(4, 4, 7, 11)",False,,96,2304
"(4, 4, 7, 12)",True,12 - ((4 - 7) * 4),96,2304
"(4, 4, 7, 13)",True,(4 * 13) - (4 * 7),96,2304
"(4, 4, 8, 8)",True,((4 + 4) + 8) + 8,36,864
"(4, 4, 8, 9)",True,(4 * 9) - (4 + 8),96,2304
"(4, 4, 8, 10)",True,((4 - 8) + 10) * 4,96,2304
"(4, 4, 8, 11)",True,(11 - (4 + 4)) * 8,96,2304
"(4, 4, 8, 12)",True,((4 * 4) / 8) * 12,96,2304
"(4, 4, 8, 13)",True,((4 * 4) - 13) * 8,96,2304
"(4, 4, 9, 9)",False,,36,864
"(4, 4, 9, 10)",False,,96,2304
"(4, 4, 9, 11)",True,((4 - 9) + 11) * 4,96,2304
"(4, 4, 9, 12)",True,(12 - 9) * (4 + 4),96,2304
"(4, 4, 9, 13)",False,,96,2304
"(4, 4, 10, 10)",True,((10 * 10) - 4) / 4,36,864
"(4, 4, 10, 11)",False,,96,2304
"(4, 4, 10, 12)",True,(10 - (4 + 4)) * 12,96,2304
"(4, 4, 10, 13)",True,(13 - 10) * (4 + 4),96,2304
"(4, 4, 11, 11)",False,,36,864
"(4, 4, 11, 12)",True,((4 / 4) + 11) + 12,96,2304
"(4, 4, 11, 13)",True,((4 - 4) + 11) + 13,96,2304
"(4, 4, 12, 12)",True,((4 - 4) + 12) + 12,36,864
"(4, 4, 12, 13)",True,13 - ((4 / 4) - 12),96,2304
"(4, 4, 13, 13)",False,,36,864
"(4, 5, 5, 5)",True,(5 * 5) + (4 - 5),16,384
"(4, 5, 5, 6)",True,((4 + 5) - 5) * 6,96,2304
"(4, 5, 5, 7)",True,(7 - (5 / 5)) * 4,96,2304
"(4, 5, 5, 8)",True,(4 - (5 / 5)) * 8,96,2304
"(4, 5, 5, 9)",True,((4 * 5) - 5) + 9,96,2304
"(4, 5, 5, 10)",True,((4 + 5) + 5) + 10,96,2304
"(4, 5, 5, 11)",False,,96,2304
"(4, 5, 5, 12)",False,,96,2304
"(4, 5, 5, 13)",False,,96,2304
"(4, 5, 6, 6)",True,(6 - 5) * (4 * 6),96,2304
"(4, 5, 6, 7)",True,((5 - 6) + 7) * 4,256,6144
"(4, 5, 6, 8)",True,((4 + 5) - 6) * 8,256,6144
"(4, 5, 6, 9)",True,((4 + 5) + 6) + 9,256,6144
"(4, 5, 6, 10)",True,((4 * 5) - 6) + 10,256,6144
"(4, 5, 6, 11)",True,(5 + 11) / (4 / 6),256,6144
"(4, 5, 6, 12)",True,((4 + 6) / 5) * 12,256,6144
"(4, 5, 6, 13)",True,(13 - (4 + 5)) * 6,256,6144
"(4, 5, 7, 7)",True,(5 * 7) - (4 + 7),96,2304
"(4, 5, 7, 8)",True,((4 + 5) + 7) + 8,256,6144
"(4, 5, 7, 9)",True,9 - ((4 - 7) * 5),256,6144
"(4, 5, 7, 10)",True,4 - ((5 - 7) * 10),256,6144
"(4, 5, 7, 11)",True,((4 * 5) - 7) + 11,256,6144
"(4, 5, 7, 12)",True,((4 + 5) - 7) * 12,256,6144
"(4, 5, 7, 13)",True,(5 - 13) * (4 - 7),256,6144
"(4, 5, 8, 8)",True,(5 - (8 / 4)) * 8,96,2304
"(4, 5, 8, 9)",True,((5 - 8) + 9) * 4,256,6144
"(4, 5, 8, 10)",True,((4 + 8) / 5) * 10,256,6144
"(4, 5, 8, 11)",True,(5 - 11) * (4 - 8),256,6144
"(4, 5, 8, 12)",True,(12 - (4 + 5)) * 8,256,6144
"(4, 5, 8, 13)",True,((4 * 8) + 5) - 13,256,6144
"(4, 5, 9, 9)",True,((9 / 9) + 5) * 4,96,2304
"(4, 5, 9, 10)",True,(5 - 9) * (4 - 10),256,6144
"(4, 5, 9, 11)",False,,256,6144
"(4, 5, 9, 12)",True,(12 / (4 / 5)) + 9,256,6144
"(4, 5, 9, 13)",True,((4 * 5) - 9) + 13,256,6144
"(4, 5, 10, 10)",True,(10 / (5 / 10)) + 4,96,2304
"(4, 5, 10, 11)",True,((4 * 10) - 5) - 11,256,6144
"(4, 5, 10, 12)",True,((4 * 5) / 10) * 12,256,6144
"(4, 5, 10, 13)",True,13 - ((4 - 5) - 10),256,6144
"(4, 5, 11, 11)",True,((11 - 4) * 5) - 11,96,2304
"(4, 5, 11, 12)",True,(11 - (4 + 5)) * 12,256,6144
"(4, 5, 11, 13)",True,13 - ((4 - 5) * 11),256,6144
"(4, 5, 12, 12)",True,12 - ((4 - 5) * 12),96,2304
"(4, 5, 12, 13)",True,((4 - 5) + 12) + 13,256,6144
"(4, 5, 13, 13)",True,((13 / 13) + 5) * 4,96,2304
"(4, 6, 6, 6)",True,((4 + 6) - 6) * 6,16,384
"(4, 6, 6, 7)",True,(7 - 6) * (4 * 6),96,2304
"(4, 6, 6, 8)",True,((4 + 6) + 6) + 8,96,2304
"(4, 6, 6, 9)",True,6 - ((4 - 6) * 9),96,2304
"(4, 6, 6, 10)",True,(6 + 10) / (4 / 6),96,2304
"(4, 6, 6, 11)",False,,96,2304
"(4, 6, 6, 12)",True,12 - ((4 - 6) * 6),96,2304
"(4, 6, 6, 13)",False,,96,2304
"(4, 6, 7, 7)",True,((4 + 6) + 7) + 7,96,2304
"(4, 6, 7, 8)",True,((4 + 6) - 7) * 8,256,6144
"(4, 6, 7, 9)",True,(7 + 9) / (4 / 6),256,6144
"(4, 6, 7, 10)",True,10 - ((4 - 6) * 7),256,6144
"(4, 6, 7, 11)",False,,256,6144
"(4, 6, 7, 12)",True,(6 * 12) / (7 - 4),256,6144
"(4, 6, 7, 13)",False,,256,6144
"(4, 6, 8, 8)",True,8 - ((4 - 6) * 8),96,2304
"(4, 6, 8, 9)",True,(9 - 8) * (4 * 6),256,6144
"(4, 6, 8, 10)",True,4 - ((6 - 8) * 10),256,6144
"(4, 6, 8, 11)",False,,256,6144
"(4, 6, 8, 12)",True,((4 + 6) - 8) * 12,256,6144
"(4, 6, 8, 13)",True,(13 - (4 + 6)) * 8,256,6144
"(4, 6, 9, 9)",True,((4 * 6) + 9) - 9,96,2304
"(4, 6, 9, 10)",True,(10 - 9) * (4 * 6),256,6144
"(4, 6, 9, 11)",False,,256,6144
"(4, 6, 9, 12)",True,((4 + 12) / 6) * 9,256,6144
"(4, 6, 9, 13)",True,13 - ((4 - 6) - 9),256,6144
"(4, 6, 10, 10)",True,((4 * 6) + 10) - 10,96,2304
"(4, 6, 10, 11)",True,(11 - 10) * (4 * 6),256,6144
"(4, 6, 10, 12)",True,12 - ((4 - 6) - 10),256,6144
"(4, 6, 10, 13)",False,,256,6144
"(4, 6, 11, 11)",True,11 - ((4 - 6) - 11),96,2304
"(4, 6, 11, 12)",True,(12 - 11) * (4 * 6),256,6144
"(4, 6, 11, 13)",False,,256,6144
"(4, 6, 12, 12)",True,(12 - (4 + 6)) * 12,96,2304
"(4, 6, 12, 13)",True,(13 - 12) * (4 * 6),256,6144
"(4, 6, 13, 13)",True,((4 - 6) + 13) + 13,96,2304
"(4, 7, 7, 7)",True,(7 - (7 / 7)) * 4,16,384
"(4, 7, 7, 8)",True,((7 + 7) - 8) * 4,96,2304
"(4, 7, 7, 9)",False,,96,2304
"(4, 7, 7, 10)",False,,96,2304
"(4, 7, 7, 11)",True,((4 * 7) + 7) - 11,96,2304
"(4, 7, 7, 12)",False,,96,2304
"(4, 7, 7, 13)",False,,96,2304
"(4, 7, 8, 8)",True,((4 + 7) - 8) * 8,96,2304
"(4, 7, 8, 9)",True,(9 - 7) * (4 + 8),256,6144
"(4, 7, 8, 10)",True,(8 / (4 / 7)) + 10,256,6144
"(4, 7, 8, 11)",True,8 - ((7 - 11) * 4),256,6144
"(4, 7, 8, 12)",True,((4 * 7) + 8) - 12,256,6144
"(4, 7, 8, 13)",True,13 - ((4 - 7) - 8),256,6144
"(4, 7, 9, 9)",True,(7 - (9 / 9)) * 4,96,2304
"(4, 7, 9, 10)",True,((4 * 10) - 7) - 9,256,6144
"(4, 7, 9, 11)",True,((7 - 4) * 11) - 9,256,6144
"(4, 7, 9, 12)",True,((4 + 7) - 9) * 12,256,6144
"(4, 7, 9, 13)",True,((4 * 7) + 9) - 13,256,6144
"(4, 7, 10, 10)",True,(7 - (10 / 10)) * 4,96,2304
"(4, 7, 10, 11)",True,11 - ((4 - 7) - 10),256,6144
"(4, 7, 10, 12)",True,((4 + 10) / 7) * 12,256,6144
"(4, 7, 10, 13)",False,,256,6144
"(4, 7, 11, 11)",True,(7 - (11 / 11)) * 4,96,2304
"(4, 7, 11, 12)",True,((7 + 11) - 12) * 4,256,6144
"(4, 7, 11, 13)",True,((4 * 11) - 7) - 13,256,6144
"(4, 7, 12, 12)",True,((7 - 4) * 12) - 12,96,2304
"(4, 7, 12, 13)",True,(13 - (4 + 7)) * 12,256,6144
"(4, 7, 13, 13)",True,(7 - (13 / 13)) * 4,96,2304
"(4, 8, 8, 8)",True,(8 / (4 / 8)) + 8,16,384
"(4, 8, 8, 9)",True,((4 + 8) - 9) * 8,96,2304
"(4, 8, 8, 10)",True,(10 - 8) * (4 + 8),96,2304
"(4, 8, 8, 11)",True,((8 * 11) + 8) / 4,96,2304
"(4, 8, 8, 12)",True,12 - ((4 - 8) - 8),96,2304
"(4, 8, 8, 13)",True,((8 * 13) - 8) / 4,96,2304
"(4, 8, 9, 9)",True,(4 - (9 / 9)) * 8,96,2304
"(4, 8, 9, 10)",True,((4 + 9) - 10) * 8,256,6144
"(4, 8, 9, 11)",True,(11 - 9) * (4 + 8),256,6144
"(4, 8, 9, 12)",True,((4 * 8) * 9) / 12,256,6144
"(4, 8, 9, 13)",True,((8 / 4) + 9) + 13,256,6144
"(4, 8, 10, 10)",True,10 - ((4 - 8) - 10),96,2304
"(4, 8, 10, 11)",True,((4 + 10) - 11) * 8,256,6144
"(4, 8, 10, 12)",True,((4 + 8) - 10) * 12,256,6144
"(4, 8, 10, 13)",False,,256,6144
"(4, 8, 11, 11)",True,((8 / 4) + 11) + 11,96,2304
"(4, 8, 11, 12)",True,((4 + 11) - 12) * 8,256,6144
"(4, 8, 11, 13)",True,(13 - 11) * (4 + 8),256,6144
"(4, 8, 12, 12)",True,((4 + 12) / 8) * 12,96,2304
"(4, 8, 12, 13)",True,((4 + 12) - 13) * 8,256,6144
"(4, 8, 13, 13)",True,13 - ((8 / 4) - 13),96,2304
"(4, 9, 9, 9)",False,,16,384
"(4, 9, 9, 10)",True,10 - ((4 - 9) - 9),96,2304
"(4, 9, 9, 11)",False,,96,2304
"(4, 9, 9, 12)",True,((9 + 9) - 12) * 4,96,2304
"(4, 9, 9, 13)",False,,96,2304
"(4, 9, 10, 10)",False,,96,2304
"(4, 9, 10, 11)",True,4 - ((9 - 11) * 10),256,6144
"(4, 9, 10, 12)",True,12 / ((9 - 4) / 10),256,6144
"(4, 9, 10, 13)",True,(9 - 13) * (4 - 10),256,6144
"(4, 9, 11, 11)",True,((4 * 11) - 9) - 11,96,2304
"(4, 9, 11, 12)",True,((4 + 9) - 11) * 12,256,6144
"(4, 9, 11, 13)",False,,256,6144
"(4, 9, 12, 12)",True,(9 - 12) * (4 - 12),96,2304
"(4, 9, 12, 13)",False,,256,6144
"(4, 9, 13, 13)",False,,96,2304
"(4, 10, 10, 10)",False,,16,384
"(4, 10, 10, 11)",True,((4 * 11) - 10) - 10,96,2304
"(4, 10, 10, 12)",True,4 - ((10 - 12) * 10),96,2304
"(4, 10, 10, 13)",False,,96,2304
"(4, 10, 11, 11)",False,,96,2304
"(4, 10, 11, 12)",True,(12 / 4) + (10 + 11),256,6144
"(4, 10, 11, 13)",True,4 - ((11 - 13) * 10),256,6144
"(4, 10, 12, 12)",True,((4 + 10) - 12) * 12,96,2304
"(4, 10, 12, 13)",True,(10 - 13) * (4 - 12),256,6144
"(4, 10, 13, 13)",False,,96,2304
"(4, 11, 11, 11)",False,,16,384
"(4, 11, 11, 12)",False,,96,2304
"(4, 11, 11, 13)",False,,96,2304
"(4, 11, 12, 12)",False,,96,2304
"(4, 11, 12, 13)",True,((4 + 11) - 13) * 12,256,6144
"(4, 11, 13, 13)",False,,96,2304
"(4, 12, 12, 12)",True,((4 * 12) - 12) - 12,16,384
"(4, 12, 12, 13)",False,,96,2304
"(4, 12, 13, 13)",False,,96,2304
"(4, 13, 13, 13)",False,,16,384
"(5, 5, 5, 5)",True,(5 * 5) - (5 / 5),1,24
"(5, 5, 5, 6)",True,((5 * 5) + 5) - 6,16,384
"(5, 5, 5, 7)",False,,16,384
"(5, 5, 5, 8)",False,,16,384
"(5, 5, 5, 9)",True,((5 + 5) + 5) + 9,16,384
"(5, 5, 5, 10)",False,,16,384
"(5, 5, 5, 11)",False,,16,384
"(5, 5, 5, 12)",True,((5 + 5) / 5) * 12,16,384
"(5, 5, 5, 13)",False,,16,384
"(5, 5, 6, 6)",True,((5 + 5) - 6) * 6,36,864
"(5, 5, 6, 7)",True,((5 * 5) + 6) - 7,96,2304
"(5, 5, 6, 8)",True,((5 + 5) + 6) + 8,96,2304
"(5, 5, 6, 9)",False,,96,2304
"(5, 5, 6, 10)",False,,96,2304
"(5, 5, 6, 11)",True,((5 * 6) + 5) - 11,96,2304
"(5, 5, 6, 12)",False,,96,2304
"(5, 5, 6, 13)",False,,96,2304
"(5, 5, 7, 7)",True,((5 + 5) + 7) + 7,36,864
"(5, 5, 7, 8)",True,((5 + 5) - 7) * 8,96,2304
"(5, 5, 7, 9)",False,,96,2304
"(5, 5, 7, 10)",True,((5 + 7) / 5) * 10,96,2304
"(5, 5, 7, 11)",True,(7 - (11 / 5)) * 5,96,2304
"(5, 5, 7, 12)",False,,96,2304
"(5, 5, 7, 13)",False,,96,2304
"(5, 5, 8, 8)",True,(5 * 5) - (8 / 8),36,864
"(5, 5, 8, 9)",True,((5 * 5) + 8) - 9,96,2304
"(5, 5, 8, 10)",True,(5 + 10) / (5 / 8),96,2304
"(5, 5, 8, 11)",True,((5 * 8) - 5) - 11,96,2304
"(5, 5, 8, 12)",True,((5 + 5) - 8) * 12,96,2304
"(5, 5, 8, 13)",True,(13 - (5 + 5)) * 8,96,2304
"(5, 5, 9, 9)",True,(5 * 5) - (9 / 9),36,864
"(5, 5, 9, 10)",True,((5 * 5) + 9) - 10,96,2304
"(5, 5, 9, 11)",True,(5 - 11) * (5 - 9),96,2304
"(5, 5, 9, 12)",False,,96,2304
"(5, 5, 9, 13)",False,,96,2304
"(5, 5, 10, 10)",True,(5 * 5) - (10 / 10),36,864
"(5, 5, 10, 11)",True,((5 * 5) + 10) - 11,96,2304
"(5, 5, 10, 12)",False,,96,2304
"(5, 5, 10, 13)",True,((5 / 5) + 10) + 13,96,2304
"(5, 5, 11, 11)",True,(5 * 5) - (11 / 11),36,864
"(5, 5, 11, 12)",True,((5 * 5) + 11) - 12,96,2304
"(5, 5, 11, 13)",True,((5 - 5) + 11) + 13,96,2304
"(5, 5, 12, 12)",True,(12 - (5 + 5)) * 12,36,864
"(5, 5, 12, 13)",True,((5 * 5) + 12) - 13,96,2304
"(5, 5, 13, 13)",True,(5 * 5) - (13 / 13),36,864
"(5, 6, 6, 6)",True,(5 - (6 / 6)) * 6,16,384
"(5, 6, 6, 7)",True,((5 + 6) + 6) + 7,96,2304
"(5, 6, 6, 8)",True,6 - ((5 - 8) * 6),96,2304
"(5, 6, 6, 9)",True,(6 * 9) - (5 * 6),96,2304
"(5, 6, 6, 10)",True,(6 + 6) / (5 / 10),96,2304
"(5, 6, 6, 11)",False,,96,2304
"(5, 6, 6, 12)",True,((5 * 6) + 6) - 12,96,2304
"(5, 6, 6, 13)",False,,96,2304
"(5, 6, 7, 7)",True,(5 - (7 / 7)) * 6,96,2304
"(5, 6, 7, 8)",True,((5 + 7) - 8) * 6,256,6144
"(5, 6, 7, 9)",True,6 - ((5 - 7) * 9),256,6144
"(5, 6, 7, 10)",False,,256,6144
"(5, 6, 7, 11)",False,,256,6144
"(5, 6, 7, 12)",True,((5 + 7) / 6) * 12,256,6144
"(5, 6, 7, 13)",True,((5 * 6) + 7) - 13,256,6144
"(5, 6, 8, 8)",True,((5 + 6) - 8) * 8,96,2304
"(5, 6, 8, 9)",True,((5 + 8) - 9) * 6,256,6144
"(5, 6, 8, 10)",True,((5 * 6) * 8) / 10,256,6144
"(5, 6, 8, 11)",False,,256,6144
"(5, 6, 8, 12)",True,(8 + 12) / (5 / 6),256,6144
"(5, 6, 8, 13)",True,((5 + 13) / 6) * 8,256,6144
"(5, 6, 9, 9)",True,9 - ((6 - 9) * 5),96,2304
"(5, 6, 9, 10)",True,((5 + 9) - 10) * 6,256,6144
"(5, 6, 9, 11)",True,(9 + 11) / (5 / 6),256,6144
"(5, 6, 9, 12)",True,((5 + 6) - 9) * 12,256,6144
"(5, 6, 9, 13)",True,(6 - 9) * (5 - 13),256,6144
"(5, 6, 10, 10)",True,(10 + 10) / (5 / 6),96,2304
"(5, 6, 10, 11)",True,((5 + 10) - 11) * 6,256,6144
"(5, 6, 10, 12)",True,(10 / (5 / 6)) + 12,256,6144
"(5, 6, 10, 13)",True,13 - ((5 - 6) - 10),256,6144
"(5, 6, 11, 11)",True,(5 - (11 / 11)) * 6,96,2304
"(5, 6, 11, 12)",True,12 - ((5 - 6) - 11),256,6144
"(5, 6, 11, 13)",True,13 - ((5 - 6) * 11),256,6144
"(5, 6, 12, 12)",True,12 - ((5 - 6) * 12),96,2304
"(5, 6, 12, 13)",True,(13 - (5 + 6)) * 12,256,6144
"(5, 6, 13, 13)",True,(5 - (13 / 13)) * 6,96,2304
"(5, 7, 7, 7)",False,,16,384
"(5, 7, 7, 8)",False,,96,2304
"(5, 7, 7, 9)",True,(9 - 7) * (5 + 7),96,2304
"(5, 7, 7, 10)",True,10 - ((5 - 7) * 7),96,2304
"(5, 7, 7, 11)",True,(5 - (11 / 7)) * 7,96,2304
"(5, 7, 7, 12)",False,,96,2304
"(5, 7, 7, 13)",False,,96,2304
"(5, 7, 8, 8)",True,8 - ((5 - 7) * 8),96,2304
"(5, 7, 8, 9)",True,((5 + 7) - 9) * 8,256,6144
"(5, 7, 8, 10)",True,(10 - 8) * (5 + 7),256,6144
"(5, 7, 8, 11)",False,,256,6144
"(5, 7, 8, 12)",False,,256,6144
"(5, 7, 8, 13)",False,,256,6144
"(5, 7, 9, 9)",False,,96,2304
"(5, 7, 9, 10)",True,9 - ((7 - 10) * 5),256,6144
"(5, 7, 9, 11)",True,(11 - 9) * (5 + 7),256,6144
"(5, 7, 9, 12)",True,((5 + 9) / 7) * 12,256,6144
"(5, 7, 9, 13)",True,13 - ((5 - 7) - 9),256,6144
"(5, 7, 10, 10)",True,(10 / (5 / 7)) + 10,96,2304
"(5, 7, 10, 11)",True,((10 - 5) * 7) - 11,256,6144
"(5, 7, 10, 12)",True,((5 + 7) - 10) * 12,256,6144
"(5, 7, 10, 13)",True,(7 - 10) * (5 - 13),256,6144
"(5, 7, 11, 11)",True,11 - ((5 - 7) - 11),96,2304
"(5, 7, 11, 12)",False,,256,6144
"(5, 7, 11, 13)",True,(13 - 11) * (5 + 7),256,6144
"(5, 7, 12, 12)",True,(7 * 12) - (5 * 12),96,2304
"(5, 7, 12, 13)",False,,256,6144
"(5, 7, 13, 13)",True,((5 - 7) + 13) + 13,96,2304
"(5, 8, 8, 8)",True,((5 * 8) - 8) - 8,16,384
"(5, 8, 8, 9)",True,9 / ((8 - 5) / 8),96,2304
"(5, 8, 8, 10)",True,((5 + 8) - 10) * 8,96,2304
"(5, 8, 8, 11)",False,,96,2304
"(5, 8, 8, 12)",False,,96,2304
"(5, 8, 8, 13)",True,13 - ((5 - 8) - 8),96,2304
"(5, 8, 9, 9)",False,,96,2304
"(5, 8, 9, 10)",False,,256,6144
"(5, 8, 9, 11)",True,((5 + 9) - 11) * 8,256,6144
"(5, 8, 9, 12)",True,12 - ((5 - 8) - 9),256,6144
"(5, 8, 9, 13)",True,((5 * 9) - 8) - 13,256,6144
"(5, 8, 10, 10)",False,,96,2304
"(5, 8, 10, 11)",True,11 - ((5 - 8) - 10),256,6144
"(5, 8, 10, 12)",True,((5 + 10) - 12) * 8,256,6144
"(5, 8, 10, 13)",False,,256,6144
"(5, 8, 11, 11)",False,,96,2304
"(5, 8, 11, 12)",True,((5 + 8) - 11) * 12,256,6144
"(5, 8, 11, 13)",True,((5 + 11) - 13) * 8,256,6144
"(5, 8, 12, 12)",True,((8 - 5) * 12) - 12,96,2304
"(5, 8, 12, 13)",False,,256,6144
"(5, 8, 13, 13)",False,,96,2304
"(5, 9, 9, 9)",False,,16,384
"(5, 9, 9, 10)",False,,96,2304
"(5, 9, 9, 11)",True,11 - ((5 - 9) - 9),96,2304
"(5, 9, 9, 12)",True,((5 * 9) - 9) - 12,96,2304
"(5, 9, 9, 13)",False,,96,2304
"(5, 9, 10, 10)",True,10 - ((5 - 9) - 10),96,2304
"(5, 9, 10, 11)",True,((5 * 9) - 10) - 11,256,6144
"(5, 9, 10, 12)",False,,256,6144
"(5, 9, 10, 13)",True,(10 / 5) + (9 + 13),256,6144
"(5, 9, 11, 11)",False,,96,2304
"(5, 9, 11, 12)",False,,256,6144
"(5, 9, 11, 13)",True,(9 - 13) * (5 - 11),256,6144
"(5, 9, 12, 12)",True,((5 + 9) - 12) * 12,96,2304
"(5, 9, 12, 13)",True,((5 + 13) / 9) * 12,256,6144
"(5, 9, 13, 13)",False,,96,2304
"(5, 10, 10, 10)",False,,16,384
"(5, 10, 10, 11)",True,((10 * 11) + 10) / 5,96,2304
"(5, 10, 10, 12)",True,12 / ((10 - 5) / 10),96,2304
"(5, 10, 10, 13)",True,((10 * 13) - 10) / 5,96,2304
"(5, 10, 11, 11)",True,((10 / 5) + 11) + 11,96,2304
"(5, 10, 11, 12)",False,,256,6144
"(5, 10, 11, 13)",False,,256,6144
"(5, 10, 12, 12)",False,,96,2304
"(5, 10, 12, 13)",True,((5 + 10) - 13) * 12,256,6144
"(5, 10, 13, 13)",True,((5 * 10) - 13) - 13,96,2304
"(5, 11, 11, 11)",False,,16,384
"(5, 11, 11, 12)",False,,96,2304
"(5, 11, 11, 13)",False,,96,2304
"(5, 11, 12, 12)",True,12 / ((11 - 5) / 12),96,2304
"(5, 11, 12, 13)",False,,256,6144
"(5, 11, 13, 13)",False,,96,2304
"(5, 12, 12, 12)",False,,16,384
"(5, 12, 12, 13)",False,,96,2304
"(5, 12, 13, 13)",False,,96,2304
"(5, 13, 13, 13)",False,,16,384
"(6, 6, 6, 6)",True,((6 + 6) + 6) + 6,1,24
"(6, 6, 6, 7)",False,,16,384
"(6, 6, 6, 8)",True,((6 + 6) - 8) * 6,16,384
"(6, 6, 6, 9)",True,((6 * 6) * 6) / 9,16,384
"(6, 6, 6, 10)",True,(6 * 10) - (6 * 6),16,384
"(6, 6, 6, 11)",True,((11 - 6) * 6) - 6,16,384
"(6, 6, 6, 12)",True,((6 + 6) / 6) * 12,16,384
"(6, 6, 6, 13)",False,,16,384
"(6, 6, 7, 7)",False,,36,864
"(6, 6, 7, 8)",False,,96,2304
"(6, 6, 7, 9)",True,(9 - 7) * (6 + 6),96,2304
"(6, 6, 7, 10)",True,6 - ((7 - 10) * 6),96,2304
"(6, 6, 7, 11)",True,(6 * 11) - (6 * 7),96,2304
"(6, 6, 7, 12)",True,((6 * 7) - 6) - 12,96,2304
"(6, 6, 7, 13)",False,,96,2304
"(6, 6, 8, 8)",True,(6 * 8) / (8 - 6),36,864
"(6, 6, 8, 9)",True,((6 + 6) - 9) * 8,96,2304
"(6, 6, 8, 10)",True,(10 - 8) * (6 + 6),96,2304
"(6, 6, 8, 11)",True,6 - ((8 - 11) * 6),96,2304
"(6, 6, 8, 12)",True,((6 * 6) * 8) / 12,96,2304
"(6, 6, 8, 13)",True,((13 - 8) * 6) - 6,96,2304
"(6, 6, 9, 9)",False,,36,864
"(6, 6, 9, 10)",True,(6 + 10) / (6 / 9),96,2304
"(6, 6, 9, 11)",True,(11 - 9) * (6 + 6),96,2304
"(6, 6, 9, 12)",True,(12 / (6 / 9)) + 6,96,2304
"(6, 6, 9, 13)",True,(6 * 13) - (6 * 9),96,2304
"(6, 6, 10, 10)",False,,36,864
"(6, 6, 10, 11)",False,,96,2304
"(6, 6, 10, 12)",True,((6 + 6) - 10) * 12,96,2304
"(6, 6, 10, 13)",True,((6 / 6) + 10) + 13,96,2304
"(6, 6, 11, 11)",False,,36,864
"(6, 6, 11, 12)",True,((6 / 6) + 11) + 12,96,2304
"(6, 6, 11, 13)",True,(13 - 11) * (6 + 6),96,2304
"(6, 6, 12, 12)",True,((6 - 6) + 12) + 12,36,864
"(6, 6, 12, 13)",True,13 - ((6 / 6) - 12),96,2304
"(6, 6, 13, 13)",False,,36,864
"(6, 7, 7, 7)",False,,16,384
"(6, 7, 7, 8)",False,,96,2304
"(6, 7, 7, 9)",False,,96,2304
"(6, 7, 7, 10)",True,((7 + 7) - 10) * 6,96,2304
"(6, 7, 7, 11)",True,((6 * 7) - 7) - 11,96,2304
"(6, 7, 7, 12)",False,,96,2304
"(6, 7, 7, 13)",False,,96,2304
"(6, 7, 8, 8)",False,,96,2304
"(6, 7, 8, 9)",True,(6 * 8) / (9 - 7),256,6144
"(6, 7, 8, 10)",True,((6 + 7) - 10) * 8,256,6144
"(6, 7, 8, 11)",True,(7 + 11) / (6 / 8),256,6144
"(6, 7, 8, 12)",True,((6 + 8) / 7) * 12,256,6144
"(6, 7, 8, 13)",False,,256,6144
"(6, 7, 9, 9)",True,((6 * 7) - 9) - 9,96,2304
"(6, 7, 9, 10)",False,,256,6144
"(6, 7, 9, 11)",False,,256,6144
"(6, 7, 9, 12)",True,((7 + 9) - 12) * 6,256,6144
"(6, 7, 9, 13)",False,,256,6144
"(6, 7, 10, 10)",True,((10 - 7) * 10) - 6,96,2304
"(6, 7, 10, 11)",False,,256,6144
"(6, 7, 10, 12)",True,(12 / (6 / 7)) + 10,256,6144
"(6, 7, 10, 13)",True,13 - ((6 - 7) - 10),256,6144
"(6, 7, 11, 11)",True,((11 - 6) * 7) - 11,96,2304
"(6, 7, 11, 12)",True,((6 + 7) - 11) * 12,256,6144
"(6, 7, 11, 13)",True,13 - ((6 - 7) * 11),256,6144
"(6, 7, 12, 12)",True,12 - ((6 - 7) * 12),96,2304
"(6, 7, 12, 13)",True,((6 - 7) + 12) + 13,256,6144
"(6, 7, 13, 13)",False,,96,2304
"(6, 8, 8, 8)",True,8 - ((6 - 8) * 8),16,384
"(6, 8, 8, 9)",True,(8 * 9) - (6 * 8),96,2304
"(6, 8, 8, 10)",True,(6 * 8) / (10 - 8),96,2304
"(6, 8, 8, 11)",True,((6 + 8) - 11) * 8,96,2304
"(6, 8, 8, 12)",True,(12 / (6 / 8)) + 8,96,2304
"(6, 8, 8, 13)",False,,96,2304
"(6, 8, 9, 9)",True,(9 + 9) / (6 / 8),96,2304
"(6, 8, 9, 10)",True,6 - ((8 - 10) * 9),256,6144
"(6, 8, 9, 11)",True,(6 * 8) / (11 - 9),256,6144
"(6, 8, 9, 12)",True,(9 / (6 / 8)) + 12,256,6144
"(6, 8, 9, 13)",True,13 - ((6 - 8) - 9),256,6144
"(6, 8, 10, 10)",False,,96,2304
"(6, 8, 10, 11)",True,((11 - 8) * 10) - 6,256,6144
"(6, 8, 10, 12)",True,12 - ((6 - 8) - 10),256,6144
"(6, 8, 10, 13)",True,((6 + 10) - 13) * 8,256,6144
"(6, 8, 11, 11)",True,11 - ((6 - 8) - 11),96,2304
"(6, 8, 11, 12)",True,(6 * 12) / (11 - 8),256,6144
"(6, 8, 11, 13)",True,((6 * 8) - 11) - 13,256,6144
"(6, 8, 12, 12)",True,((6 + 8) - 12) * 12,96,2304
"(6, 8, 12, 13)",False,,256,6144
"(6, 8, 13, 13)",True,((6 - 8) + 13) + 13,96,2304
"(6, 9, 9, 9)",False,,16,384
"(6, 9, 9, 10)",True,(10 / (6 / 9)) + 9,96,2304
"(6, 9, 9, 11)",True,((9 - 6) * 11) - 9,96,2304
"(6, 9, 9, 12)",True,12 - ((6 - 9) - 9),96,2304
"(6, 9, 9, 13)",False,,96,2304
"(6, 9, 10, 10)",False,,96,2304
"(6, 9, 10, 11)",True,11 - ((6 - 9) - 10),256,6144
"(6, 9, 10, 12)",True,((10 - 6) * 9) - 12,256,6144
"(6, 9, 10, 13)",False,,256,6144
"(6, 9, 11, 11)",False,,96,2304
"(6, 9, 11, 12)",True,12 - ((9 - 11) * 6),256,6144
"(6, 9, 11, 13)",True,6 - ((11 - 13) * 9),256,6144
"(6, 9, 12, 12)",True,((6 + 12) / 9) * 12,96,2304
"(6, 9, 12, 13)",True,((6 + 9) - 13) * 12,256,6144
"(6, 9, 13, 13)",False,,96,2304
"(6, 10, 10, 10)",True,10 - ((6 - 10) - 10),16,384
"(6, 10, 10, 11)",False,,96,2304
"(6, 10, 10, 12)",False,,96,2304
"(6, 10, 10, 13)",True,((13 - 10) * 10) - 6,96,2304
"(6, 10, 11, 11)",False,,96,2304
"(6, 10, 11, 12)",True,(10 * 12) / (11 - 6),256,6144
"(6, 10, 11, 13)",False,,256,6144
"(6, 10, 12, 12)",True,(12 / 6) + (10 + 12),96,2304
"(6, 10, 12, 13)",True,(6 * 12) / (13 - 10),256,6144
"(6, 10, 13, 13)",False,,96,2304
"(6, 11, 11, 11)",False,,16,384
"(6, 11, 11, 12)",True,(12 / 6) + (11 + 11),96,2304
"(6, 11, 11, 13)",False,,96,2304
"(6, 11, 12, 12)",True,((11 * 12) + 12) / 6,96,2304
"(6, 11, 12, 13)",True,12 - ((11 - 13) * 6),256,6144
"(6, 11, 13, 13)",False,,96,2304
"(6, 12, 12, 12)",True,12 / ((12 - 6) / 12),16,384
"(6, 12, 12, 13)",True,((12 * 13) - 12) / 6,96,2304
"(6, 12, 13, 13)",True,13 - ((12 / 6) - 13),96,2304
"(6, 13, 13, 13)",False,,16,384
"(7, 7, 7, 7)",False,,1,24
"(7, 7, 7, 8)",False,,16,384
"(7, 7, 7, 9)",False,,16,384
"(7, 7, 7, 10)",False,,16,384
"(7, 7, 7, 11)",False,,16,384
"(7, 7, 7, 12)",True,((7 + 7) / 7) * 12,16,384
"(7, 7, 7, 13)",False,,16,384
"(7, 7, 8, 8)",False,,36,864
"(7, 7, 8, 9)",False,,96,2304
"(7, 7, 8, 10)",False,,96,2304
"(7, 7, 8, 11)",True,((7 + 7) - 11) * 8,96,2304
"(7, 7, 8, 12)",False,,96,2304
"(7, 7, 8, 13)",False,,96,2304
"(7, 7, 9, 9)",False,,36,864
"(7, 7, 9, 10)",True,10 - ((7 - 9) * 7),96,2304
"(7, 7, 9, 11)",False,,96,2304
"(7, 7, 9, 12)",False,,96,2304
"(7, 7, 9, 13)",False,,96,2304
"(7, 7, 10, 10)",False,,36,864
"(7, 7, 10, 11)",False,,96,2304
"(7, 7, 10, 12)",False,,96,2304
"(7, 7, 10, 13)",True,((7 / 7) + 10) + 13,96,2304
"(7, 7, 11, 11)",False,,36,864
"(7, 7, 11, 12)",True,((7 / 7) + 11) + 12,96,2304
"(7, 7, 11, 13)",True,((7 - 7) + 11) + 13,96,2304
"(7, 7, 12, 12)",True,((7 + 7) - 12) * 12,36,864
"(7, 7, 12, 13)",True,((7 * 7) - 12) - 13,96,2304
"(7, 7, 13, 13)",False,,36,864
"(7, 8, 8, 8)",False,,16,384
"(7, 8, 8, 9)",True,8 - ((7 - 9) * 8),96,2304
"(7, 8, 8, 10)",True,(8 * 10) - (7 * 8),96,2304
"(7, 8, 8, 11)",True,((11 - 7) * 8) - 8,96,2304
"(7, 8, 8, 12)",True,((7 + 8) - 12) * 8,96,2304
"(7, 8, 8, 13)",True,(8 + 13) / (7 / 8),96,2304
"(7, 8, 9, 9)",False,,96,2304
"(7, 8, 9, 10)",True,(8 * 9) / (10 - 7),256,6144
"(7, 8, 9, 11)",False,,256,6144
"(7, 8, 9, 12)",True,(9 + 12) / (7 / 8),256,6144
"(7, 8, 9, 13)",True,((7 + 9) - 13) * 8,256,6144
"(7, 8, 10, 10)",True,10 - ((8 - 10) * 7),96,2304
"(7, 8, 10, 11)",True,(10 + 11) / (7 / 8),256,6144
"(7, 8, 10, 12)",False,,256,6144
"(7, 8, 10, 13)",True,13 - ((7 - 8) - 10),256,6144
"(7, 8, 11, 11)",False,,96,2304
"(7, 8, 11, 12)",True,12 - ((7 - 8) - 11),256,6144
"(7, 8, 11, 13)",True,13 - ((7 - 8) * 11),256,6144
"(7, 8, 12, 12)",True,12 - ((7 - 8) * 12),96,2304
"(7, 8, 12, 13)",True,((7 + 8) - 13) * 12,256,6144
"(7, 8, 13, 13)",False,,96,2304
"(7, 9, 9, 9)",False,,16,384
"(7, 9, 9, 10)",False,,96,2304
"(7, 9, 9, 11)",False,,96,2304
"(7, 9, 9, 12)",False,,96,2304
"(7, 9, 9, 13)",True,13 - ((7 - 9) - 9),96,2304
"(7, 9, 10, 10)",False,,96,2304
"(7, 9, 10, 11)",True,10 - ((9 - 11) * 7),256,6144
"(7, 9, 10, 12)",True,12 - ((7 - 9) - 10),256,6144
"(7, 9, 10, 13)",False,,256,6144
"(7, 9, 11, 11)",True,11 - ((7 - 9) - 11),96,2304
"(7, 9, 11, 12)",True,((7 + 11) / 9) * 12,256,6144
"(7, 9, 11, 13)",False,,256,6144
"(7, 9, 12, 12)",True,(9 * 12) - (7 * 12),96,2304
"(7, 9, 12, 13)",False,,256,6144
"(7, 9, 13, 13)",True,((7 - 9) + 13) + 13,96,2304
"(7, 10, 10, 10)",False,,16,384
"(7, 10, 10, 11)",True,11 - ((7 - 10) - 10),96,2304
"(7, 10, 10, 12)",True,10 - ((10 - 12) * 7),96,2304
"(7, 10, 10, 13)",False,,96,2304
"(7, 10, 11, 11)",False,,96,2304
"(7, 10, 11, 12)",False,,256,6144
"(7, 10, 11, 13)",True,10 - ((11 - 13) * 7),256,6144
"(7, 10, 12, 12)",True,((10 - 7) * 12) - 12,96,2304
"(7, 10, 12, 13)",True,((7 + 13) / 10) * 12,256,6144
"(7, 10, 13, 13)",False,,96,2304
"(7, 11, 11, 11)",False,,16,384
"(7, 11, 11, 12)",False,,96,2304
"(7, 11, 11, 13)",False,,96,2304
"(7, 11, 12, 12)",False,,96,2304
"(7, 11, 12, 13)",False,,256,6144
"(7, 11, 13, 13)",False,,96,2304
"(7, 12, 12, 12)",False,,16,384
"(7, 12, 12, 13)",True,(12 * 12) / (13 - 7),96,2304
"(7, 12, 13, 13)",False,,96,2304
"(7, 13, 13, 13)",False,,16,384
"(8, 8, 8, 8)",False,,1,24
"(8, 8, 8, 9)",False,,16,384
"(8, 8, 8, 10)",True,8 - ((8 - 10) * 8),16,384
"(8, 8, 8, 11)",True,(8 * 11) - (8 * 8),16,384
"(8, 8, 8, 12)",True,((8 + 8) / 8) * 12,16,384
"(8, 8, 8, 13)",True,((8 + 8) - 13) * 8,16,384
"(8, 8, 9, 9)",False,,36,864
"(8, 8, 9, 10)",False,,96,2304
"(8, 8, 9, 11)",True,(8 * 9) / (11 - 8),96,2304
"(8, 8, 9, 12)",True,(8 * 12) - (8 * 9),96,2304
"(8, 8, 9, 13)",True,((13 - 9) * 8) - 8,96,2304
"(8, 8, 10, 10)",False,,36,864
"(8, 8, 10, 11)",False,,96,2304
"(8, 8, 10, 12)",True,8 - ((10 - 12) * 8),96,2304
"(8, 8, 10, 13)",True,((8 / 8) + 10) + 13,96,2304
"(8, 8, 11, 11)",False,,36,864
"(8, 8, 11, 12)",True,((8 / 8) + 11) + 12,96,2304
"(8, 8, 11, 13)",True,((8 - 8) + 11) + 13,96,2304
"(8, 8, 12, 12)",True,((8 - 8) + 12) + 12,36,864
"(8, 8, 12, 13)",True,13 - ((8 / 8) - 12),96,2304
"(8, 8, 13, 13)",False,,36,864
"(8, 9, 9, 9)",False,,16,384
"(8, 9, 9, 10)",False,,96,2304
"(8, 9, 9, 11)",False,,96,2304
"(8, 9, 9, 12)",True,(8 * 9) / (12 - 9),96,2304
"(8, 9, 9, 13)",False,,96,2304
"(8, 9, 10, 10)",False,,96,2304
"(8, 9, 10, 11)",False,,256,6144
"(8, 9, 10, 12)",True,((8 + 10) / 9) * 12,256,6144
"(8, 9, 10, 13)",True,13 - ((8 - 9) - 10),256,6144
"(8, 9, 11, 11)",True,((11 - 8) * 11) - 9,96,2304
"(8, 9, 11, 12)",True,12 - ((8 - 9) - 11),256,6144
"(8, 9, 11, 13)",True,13 - ((8 - 9) * 11),256,6144
"(8, 9, 12, 12)",True,12 - ((8 - 9) * 12),96,2304
"(8, 9, 12, 13)",True,((8 - 9) + 12) + 13,256,6144
"(8, 9, 13, 13)",False,,96,2304
"(8, 10, 10, 10)",False,,16,384
"(8, 10, 10, 11)",False,,96,2304
"(8, 10, 10, 12)",True,12 - ((8 - 10) - 10),96,2304
"(8, 10, 10, 13)",False,,96,2304
"(8, 10, 11, 11)",True,11 - ((8 - 10) - 11),96,2304
"(8, 10, 11, 12)",False,,256,6144
"(8, 10, 11, 13)",False,,256,6144
"(8, 10, 12, 12)",True,((8 + 12) / 10) * 12,96,2304
"(8, 10, 12, 13)",True,(10 * 12) / (13 - 8),256,6144
"(8, 10, 13, 13)",True,((8 - 10) + 13) + 13,96,2304
"(8, 11, 11, 11)",False,,16,384
"(8, 11, 11, 12)",False,,96,2304
"(8, 11, 11, 13)",False,,96,2304
"(8, 11, 12, 12)",True,((11 - 8) * 12) - 12,96,2304
"(8, 11, 12, 13)",False,,256,6144
"(8, 11, 13, 13)",False,,96,2304
"(8, 12, 12, 12)",False,,16,384
"(8, 12, 12, 13)",False,,96,2304
"(8, 12, 13, 13)",False,,96,2304
"(8, 13, 13, 13)",False,,16,384
"(9, 9, 9, 9)",False,,1,24
"(9, 9, 9, 10)",False,,16,384
"(9, 9, 9, 11)",False,,16,384
"(9, 9, 9, 12)",True,((9 + 9) / 9) * 12,16,384
"(9, 9, 9, 13)",False,,16,384
"(9, 9, 10, 10)",False,,36,864
"(9, 9, 10, 11)",False,,96,2304
"(9, 9, 10, 12)",False,,96,2304
"(9, 9, 10, 13)",True,((9 / 9) + 10) + 13,96,2304
"(9, 9, 11, 11)",False,,36,864
"(9, 9, 11, 12)",True,((9 / 9) + 11) + 12,96,2304
"(9, 9, 11, 13)",True,((9 - 9) + 11) + 13,96,2304
"(9, 9, 12, 12)",True,((9 - 9) + 12) + 12,36,864
"(9, 9, 12, 13)",True,13 - ((9 / 9) - 12),96,2304
"(9, 9, 13, 13)",False,,36,864
"(9, 10, 10, 10)",False,,16,384
"(9, 10, 10, 11)",False,,96,2304
"(9, 10, 10, 12)",False,,96,2304
"(9, 10, 10, 13)",True,13 - ((9 - 10) - 10),96,2304
"(9, 10, 11, 11)",False,,96,2304
"(9, 10, 11, 12)",True,12 - ((9 - 10) - 11),256,6144
"(9, 10, 11, 13)",True,13 - ((9 - 10) * 11),256,6144
"(9, 10, 12, 12)",True,12 - ((9 - 10) * 12),96,2304
"(9, 10, 12, 13)",True,((9 - 10) + 12) + 13,256,6144
"(9, 10, 13, 13)",False,,96,2304
"(9, 11, 11, 11)",True,11 - ((9 - 11) - 11),16,384
"(9, 11, 11, 12)",False,,96,2304
"(9, 11, 11, 13)",False,,96,2304
"(9, 11, 12, 12)",True,(11 * 12) - (9 * 12),96,2304
"(9, 11, 12, 13)",True,((9 + 13) / 11) * 12,256,6144
"(9, 11, 13, 13)",True,((9 - 11) + 13) + 13,96,2304
"(9, 12, 12, 12)",True,((12 - 9) * 12) - 12,16,384
"(9, 12, 12, 13)",False,,96,2304
"(9, 12, 13, 13)",False,,96,2304
"(9, 13, 13, 13)",False,,16,384
"(10, 10, 10, 10)",False,,1,24
"(10, 10, 10, 11)",False,,16,384
"(10, 10, 10, 12)",True,((10 + 10) / 10) * 12,16,384
"(10, 10, 10, 13)",True,((10 / 10) + 10) + 13,16,384
"(10, 10, 11, 11)",False,,36,864
"(10, 10, 11, 12)",True,((10 / 10) + 11) + 12,96,2304
"(10, 10, 11, 13)",True,((10 - 10) + 11) + 13,96,2304
"(10, 10, 12, 12)",True,((10 - 10) + 12) + 12,36,864
"(10, 10, 12, 13)",True,13 - ((10 / 10) - 12),96,2304
"(10, 10, 13, 13)",False,,36,864
"(10, 11, 11, 11)",False,,16,384
"(10, 11, 11, 12)",True,12 - ((10 - 11) - 11),96,2304
"(10, 11, 11, 13)",True,13 - ((10 - 11) * 11),96,2304
"(10, 11, 12, 12)",True,12 - ((10 - 11) * 12),96,2304
"(10, 11, 12, 13)",True,((10 - 11) + 12) + 13,256,6144
"(10, 11, 13, 13)",False,,96,2304
"(10, 12, 12, 12)",True,(12 * 12) - (10 * 12),16,384
"(10, 12, 12, 13)",True,(12 / 12) + (10 + 13),96,2304
"(10, 12, 13, 13)",True,((10 - 12) + 13) + 13,96,2304
"(10, 13, 13, 13)",True,(13 / 13) + (10 + 13),16,384
"(11, 11, 11, 11)",False,,1,24
"(11, 11, 11, 12)",True,((11 + 11) / 11) * 12,16,384
"(11, 11, 11, 13)",True,((11 + 11) - 11) + 13,16,384
"(11, 11, 12, 12)",True,((11 - 11) + 12) + 12,36,864
"(11, 11, 12, 13)",True,13 - ((11 / 11) - 12),96,2304
"(11, 11, 13, 13)",False,,36,864
"(11, 12, 12, 12)",True,(12 / 12) + (11 + 12),16,384
"(11, 12, 12, 13)",True,((11 + 12) - 12) + 13,96,2304
"(11, 12, 13, 13)",True,(13 / 13) + (11 + 12),96,2304
"(11, 13, 13, 13)",True,((11 + 13) + 13) - 13,16,384
"(12, 12, 12, 12)",True,((12 + 12) + 12) - 12,1,24
"(12, 12, 12, 13)",True,(13 - 12) * (12 + 12),16,384
"(12, 12, 13, 13)",True,((12 + 12) + 13) - 13,36,864
"(12, 13, 13, 13)",True,(12 + 13) - (13 / 13),16,384
"(13, 13, 13, 13)",False,,1,24
